ID,votes
9868,112.442949
12913,1889.403834
25616,16107.450452
11623,482.634879
25214,283.779123
21348,1282.504164
7292,149.400190
2029,6925.204482
20893,2678.483490
7286,118.938571
11449,180.214636
17710,374.842262
12478,114.857352
11093,583.627163
154,2545.636890
22795,2125.666856
15825,93.158388
23157,5999.633766
11836,446.754104
18967,655.749083
27856,1726.458983
27029,365.107041
23978,2523.910100
13441,1467.977225
17468,535.327299
11764,64.044524
20981,3497.538118
28284,331.460021
10041,380.427533
4917,169.845842
2726,585.776004
15791,84.794669
10277,717.722795
1566,11932.791345
9084,156.900676
6958,87.737948
20569,1763.477048
23456,10188.257901
1954,3519.576515
343,2041.676155
2061,10534.943052
25004,654.881992
12155,118.585171
7953,207.609720
18183,2723.442650
15973,88.910813
16295,371.888890
10289,1445.066862
20798,5402.507197
6113,132.984845
1730,16029.401862
14029,342.538148
9042,290.287207
9119,218.852595
26270,1155.529120
18163,1283.104243
7528,217.568195
27785,540.295610
26756,1000.839032
5864,75.769694
21770,1260.691841
4531,141.520358
14664,171.250820
25603,753.012316
9814,135.289649
11923,592.345822
11833,96.398160
20765,1475.259416
9916,173.191454
14908,432.217668
13003,112.321006
12752,162.075863
5174,189.985135
13222,515.527298
23321,293.970644
141,7168.318191
15452,830.687343
26521,3848.687216
19433,2031.558054
18276,778.115689
5070,99.861998
16652,450.468458
7757,249.006885
594,2516.741926
16348,1028.413907
16662,484.726956
723,5023.413561
23179,214.950415
15285,3139.305597
979,1631.657661
16424,148.999670
9061,398.576189
2196,2971.620148
3526,1370.972291
23171,1202.196353
25236,218.585191
18709,319.997494
55,3973.958573
4965,312.107174
17704,651.932510
20400,632.942667
21862,585.238414
22554,1257.596636
3658,90.559645
8932,185.638706
27057,107.136939
10313,90.345529
12781,142.252491
20125,568.955280
10601,90.837607
8374,106.818652
25707,494.816609
4706,88.543795
6391,347.289493
527,2859.780987
24385,872.010132
5554,324.055922
27021,1888.500971
15551,261.267076
7036,296.970802
16556,2919.365651
27881,535.661365
27662,175.313455
10688,147.808851
12304,116.017643
7885,189.961653
28815,19981.857533
3704,174.653403
17663,267.831415
23674,1898.171118
12729,150.281307
25891,601.501945
15143,12480.625540
5841,407.206398
27692,875.846777
25483,66.479594
25723,199.524967
12680,208.667847
28293,5933.976131
4678,103.831348
21032,645.588957
20179,1914.075240
20439,3203.366772
25704,10220.425297
6250,152.182281
16127,4576.059497
11259,212.934704
20211,943.343501
13531,142.086082
13655,176.918254
23217,2903.468758
26840,51.057695
4514,2716.129829
25089,2530.353082
2491,9518.204833
9631,216.561859
18341,3109.480684
20648,1378.788288
15141,12972.802174
7982,213.770945
16482,631.909341
16770,472.055120
4417,107.449615
17850,293.615822
20105,548.017096
6933,79.605779
16814,648.837317
14073,193.554370
4011,219.345042
534,4384.115769
17714,253.290111
12384,551.442753
7683,105.570325
17361,4864.169674
6029,534.515257
27823,350.245835
11809,226.233168
12368,112.664867
9246,289.086114
4270,88.088826
9404,229.840081
9924,143.685158
20891,829.230884
18461,2242.491044
24201,522.258881
4137,180.498838
12861,710.716077
18426,1515.779663
4027,112.002696
4765,111.130185
11857,338.041650
19454,1341.133498
27287,742.559442
4623,1237.759679
13424,5264.292535
11152,143.105682
15977,134.694356
23906,643.806253
21268,2889.669343
10658,159.046420
13143,406.493371
18731,147.842805
17894,595.992141
6530,204.271955
20512,2084.116498
12135,102.439036
18485,266.031681
6942,405.455124
25046,1668.417953
1401,7007.161462
7751,100.388829
18,4755.631792
4804,342.642633
27638,1902.790376
5312,88.319519
17584,895.932075
3587,261.131961
14066,118.621064
9974,577.041577
24995,3026.955520
8135,262.898655
5292,364.199619
3908,172.995262
4503,198.388960
17366,780.304381
1927,5121.861844
691,11806.937580
0,35392.993838
9719,143.006119
932,7460.480980
26991,106.434334
11186,132.145407
24421,1067.223223
24467,454.054402
27167,3254.536189
15306,216.444344
18750,219.630335
951,4960.194575
26261,1572.599756
3576,105.596088
23976,200.635384
23748,153.663710
24139,2717.010753
19416,1254.504677
11001,139.924119
12578,263.106439
21870,1828.208206
8309,79.573923
19202,1948.053460
4961,143.072310
6362,149.925391
25149,1496.035895
6251,112.588100
23728,1084.676152
13825,273.813884
17565,1117.121355
11513,135.039960
24351,211.470540
9696,111.206413
3114,1453.699284
6872,436.916210
16884,6332.081132
17431,308.220832
13599,86.644392
13180,199.459460
26694,1152.892217
24777,1098.962937
25268,547.720469
12078,118.232765
22186,935.156526
1027,8485.265916
22893,1661.278903
11385,252.015397
7321,99.126785
28196,95.106337
18145,282.915271
16372,397.319555
18242,1066.354021
9027,345.763462
27381,2886.033293
11790,246.271606
17836,514.524793
8277,111.020403
25326,1461.200620
8397,69.314052
26286,375.625827
7000,140.189032
19783,4109.996414
15296,2278.547524
21771,1765.877346
3004,190.875803
13724,99.566103
14687,194.497226
16808,208.654737
15310,815.806726
13410,135.706269
19045,1219.456200
4640,92.642141
23102,1931.398801
22363,1517.308342
20013,728.366790
9434,205.236298
13779,147.500027
8996,1442.537734
19274,536.709256
7434,106.770624
11852,72.836976
3673,278.718907
19254,1426.984454
13641,109.888770
2846,139.497824
4843,353.927876
26167,1842.895872
18654,674.622704
1330,7494.606426
6242,98.086468
24789,100.101855
12109,154.417216
16622,155.248446
8192,821.402628
20420,789.186007
18067,11892.741636
27006,1970.692840
24889,7915.450389
23426,2383.608713
25112,837.759131
20837,1588.289552
24135,253.961096
19419,6266.145130
9690,83.592867
15447,210.797475
19563,670.738340
2547,2830.723747
26,9425.613910
14548,130.827230
17080,238.204677
13008,398.963451
17592,458.107034
21158,4473.341791
15659,152.943457
6039,106.159567
20698,8755.573988
24806,2793.226606
9488,123.725405
12898,1074.621681
2293,4511.453075
14555,812.820948
1515,3626.476670
11482,142.154835
12449,299.700801
10771,243.200555
10318,119.718744
20528,1071.637464
11886,138.952114
10372,70.668499
23455,2870.938036
17265,1484.271260
17645,217.853128
27539,416.482859
11917,276.341066
2524,9045.855362
9764,120.016134
21748,1969.239935
2901,100.147400
15461,120.008840
23814,2283.035117
7141,137.344895
11871,176.146908
14425,174.546244
11171,267.109679
5412,106.719442
2379,6738.888319
28779,450.949283
7411,103.083772
7970,291.818480
6297,259.587947
21719,766.457965
23599,228.962820
24311,154.123756
21767,1319.775165
15390,86.000480
20484,1452.523067
27763,136.141731
12037,291.481630
2353,2957.265182
4831,314.340082
12804,328.234270
25804,7043.764798
23356,327.375719
20034,901.975144
27951,124.162643
17332,1723.828613
20992,1378.074231
16005,230.841641
24320,4058.119066
18471,2448.187106
14177,157.235853
7251,58.191731
4719,116.593484
15631,143.831812
17492,468.806161
19107,1496.498700
349,2069.665237
8149,104.657594
952,3572.236305
2581,3049.358653
25865,1366.617478
17966,237.763162
28445,149.001663
25694,748.549391
3795,1234.082484
9386,199.856146
17044,528.508753
21649,3201.619700
8097,133.102148
384,1030.753806
46,2717.518749
27762,1080.142192
12062,102.740294
20340,475.692511
2596,1510.025085
22543,613.723544
17333,2484.963484
13052,193.999892
17462,245.235007
7214,147.056904
9267,91.397052
13065,85.596367
4745,112.295707
28432,558.368706
7557,517.443386
8020,150.257796
27431,941.228178
22943,719.191038
10401,62.421461
21220,3223.832781
10664,250.412181
12002,151.062078
18433,1425.944322
24024,1675.688481
15198,1654.987723
24313,2500.200839
14934,115.931759
2955,119.054759
1130,17021.432818
15569,249.334532
23996,356.038864
2463,7322.539901
1136,8560.094123
11931,137.385072
8678,257.029233
779,6384.909612
20886,1237.715548
13500,405.019808
11473,1375.557218
12826,695.235063
10806,167.693552
10808,170.620236
2240,15434.359115
3459,184.602672
10641,177.056904
2037,17106.692795
11265,208.423750
28592,2103.625392
7582,152.030130
755,7143.639989
23405,1744.629581
9163,172.605437
6461,212.889119
24611,1989.269263
3534,141.619051
17610,796.730147
18415,2039.185774
15992,350.929639
21946,8373.290578
19655,1068.185485
6021,479.863800
7483,688.880490
28642,6463.749973
14905,824.151418
23994,497.298658
10113,114.931873
18450,1186.421238
3826,229.889730
16486,397.471393
16855,586.198675
16944,270.281168
24981,1049.146155
8832,244.851039
20366,3237.545435
20000,733.975713
7435,399.751710
20320,2167.862784
8532,225.292070
5920,408.169985
17657,579.970975
24831,960.627738
1251,17350.573648
28495,1267.465310
27767,4460.889693
15647,49.191159
3650,91.430190
24260,1609.296202
26221,812.653967
19221,1047.568645
18522,988.885227
11997,219.704242
229,1314.538881
9465,141.363535
22349,1228.074402
21159,4640.396952
9777,102.461338
21720,1138.796363
3559,135.067487
197,2467.776325
14861,241.995816
11109,2449.151791
17172,1472.795134
5193,100.682208
16409,906.904535
23496,1018.781608
9503,2731.442568
23650,1277.910810
17779,318.803684
3476,231.968925
4204,114.868932
23418,1828.313181
23008,346.095079
11341,378.606105
11450,181.162952
657,11689.583125
23828,1402.637100
6133,124.915331
19417,845.451694
20766,404.492666
4003,267.474026
22196,1326.593834
20130,939.198735
9511,275.639705
16613,267.701837
39,13186.934207
26982,5076.540867
18076,10839.847544
24125,1134.101661
4925,115.279126
17800,898.954754
7986,120.691140
17195,984.077890
26184,692.426591
26805,542.587105
19132,480.594588
17543,956.793157
453,5482.388042
139,3359.833377
17061,228.959675
23894,1110.201954
7118,140.240485
5988,98.829406
26697,266.859898
25815,1297.903049
6044,131.589800
19616,708.389197
18285,1810.748938
23522,1093.376962
1443,3704.390486
13545,453.978858
20333,914.335603
6180,788.949037
14641,287.252205
1579,4127.557710
1152,7420.739917
23439,2879.419069
6038,839.569475
18618,708.081231
10063,152.205498
10873,53.182683
18807,417.322754
16678,502.231945
24852,778.486470
6931,186.942887
23732,2117.545010
27800,701.613790
9009,317.763301
21503,905.532378
23428,9278.058944
13241,101.381590
11583,501.278029
24469,1040.269751
26724,626.163244
25980,6005.116195
25840,3521.925433
1885,1258.416486
16067,257.727036
17224,2541.908304
13087,648.994724
24997,300.984151
14467,199.930354
17922,481.556676
27606,1827.552672
22299,2720.643935
11123,266.109272
11896,487.658711
27719,2702.232697
20432,8240.977714
23526,2831.748406
17691,298.929367
11910,126.559947
3762,216.005158
9281,160.697188
16182,856.799698
10826,155.378355
22600,3802.197475
28479,210.457070
1868,3869.214777
593,3848.675362
11115,245.246306
3333,91.666814
15363,373.060702
517,1146.472924
28320,187.978136
14454,922.528950
16168,1193.985564
3417,852.335672
17019,915.286977
26705,182.949217
8023,109.177617
12097,146.678688
2532,35368.888762
2308,6725.734241
893,5509.175268
15480,86.312232
10080,526.569303
14220,92.644188
23320,543.318922
21076,834.273194
2922,92.363088
22469,1729.611807
18306,413.795572
20833,866.885870
1361,2528.296407
24762,645.930985
6401,124.480223
23717,2918.901559
24066,736.495853
13095,133.484930
15530,196.375406
9188,190.525380
2078,1594.285394
988,4090.898531
689,699.782965
19403,1323.656584
2200,8019.995329
15389,712.967984
4802,166.043042
1058,5012.490218
2435,4910.702863
9782,168.180007
10496,506.343412
17241,4460.547626
18828,617.843047
20877,354.930301
5647,176.410357
28435,221.877357
7639,119.585612
9229,133.301261
10849,116.200659
7984,84.053754
9112,202.933600
23831,707.766673
6820,125.760795
16214,720.755898
13407,81.552938
8094,127.505379
3436,921.742976
22875,458.070219
6381,136.831031
16803,626.909548
4051,303.934283
12594,190.939710
22467,541.705947
19855,2249.972266
20816,1438.067089
13081,175.009811
24667,1160.993445
19492,413.041172
6056,145.449145
21397,2558.813824
16890,198.755417
13094,928.127401
27869,293.441299
12229,1093.159744
5332,285.773801
22233,5181.827256
3338,103.948595
265,2770.944349
49,8022.420697
4523,113.411285
1161,1427.237595
25939,246.578080
3124,314.510285
1618,3947.314180
15642,1817.477078
21897,783.456190
11656,148.552025
1415,1770.535175
21338,1141.495575
26855,327.335625
12878,115.338002
25816,715.419843
4369,91.070690
21439,717.701890
7721,257.662663
1867,3869.214777
21581,1174.844674
17594,1089.934629
8801,634.460054
4217,73.639938
10843,91.202658
11741,414.040865
2923,92.363088
2718,115.100887
9604,448.916940
6090,128.994859
3382,82.517578
19843,470.989785
27473,973.368628
6236,77.644756
25255,99.292006
14696,119.310371
7872,264.847645
1849,8690.912631
8195,889.213243
9793,514.043064
25087,116.078711
2767,751.110893
21578,1243.110612
25280,3865.509784
7527,755.041617
4316,89.484153
12552,197.048450
5262,349.248238
16447,2394.827035
22193,350.819078
524,4109.361461
16172,2280.639236
2092,1941.050018
17640,763.337046
15460,493.906026
20547,4966.523387
28589,954.531946
17618,289.924817
4971,108.679153
2763,123.547415
22640,776.314566
11803,95.466346
3862,232.829706
8620,610.503572
26181,1354.744979
10311,85.066999
8326,584.425216
18961,333.836592
23796,211.497812
7445,5192.958165
28385,2123.722298
17439,912.480795
20673,1150.609104
23913,1878.736491
3012,116.082079
13176,126.425869
11269,213.747045
3106,153.370900
8927,98.678737
25247,239.326082
4122,55.865214
11846,278.708527
27529,4139.799960
8601,258.895675
3380,108.907440
26816,5188.454553
4532,756.895112
24431,4351.085263
25601,1642.032620
21801,326.356344
437,8207.312789
3904,256.084755
23782,3122.793117
27300,599.758719
6993,124.405508
51,2466.581601
2866,94.543207
7755,109.999420
2983,109.827251
8646,226.820486
6319,310.939381
13823,82.537338
6442,153.278907
17327,886.088790
20603,1704.537616
12888,109.434661
15641,902.222879
14970,454.367622
2438,660.278607
3745,112.375437
20598,612.561726
10794,138.230447
7379,68.312345
4083,368.643546
12606,455.504781
23852,380.886942
8984,136.450383
27101,751.991378
13492,1020.402168
5131,2606.589301
10866,82.790441
1068,3438.499646
18777,559.630425
24474,3569.280933
16434,2557.170784
17544,766.320665
15088,100.493450
9621,220.112979
14106,83.035839
17263,190.796333
3856,91.276832
12995,143.966317
5498,396.866922
24550,3485.600599
22136,1933.376771
9634,205.823674
2396,3833.083312
6378,185.349888
15196,1466.032809
9584,549.311399
12582,224.931061
6400,87.940892
24644,1132.068658
10050,572.049306
2391,1783.974285
386,1252.340191
25246,553.193930
22458,494.105386
24661,176.750863
3620,282.442316
22913,500.711212
4668,212.068345
16470,248.390830
2540,9079.937563
10706,249.699435
3834,137.813026
4492,305.310207
11869,129.181870
24847,513.268943
17446,14359.108254
9252,119.716238
1550,2258.885705
3714,181.113974
9074,467.088905
16195,2167.855360
22073,762.595375
10602,286.164812
6183,168.733541
13271,88.590819
2736,349.914919
4443,297.231955
28166,2995.180360
26749,2070.327786
4560,134.641799
20009,919.566951
23553,795.039181
25738,473.438277
11122,247.069887
10912,245.071007
1880,3378.908944
1168,18204.130630
18417,2319.413060
17309,842.800590
26243,899.301453
26831,1098.412668
3810,197.313470
2143,2821.670022
13231,424.267862
28317,7134.181569
23737,94.902203
12770,208.165159
19572,574.492178
14279,1231.043001
16451,1230.499649
13872,294.577853
23104,334.553141
27221,4792.302169
27752,1326.459715
27712,1535.729647
21619,1095.054240
25675,670.931585
16915,612.910223
13833,1100.629290
2703,184.464530
5536,192.579843
22509,1778.580758
27268,11363.837253
28614,489.919234
18122,1741.051331
21871,1376.725059
13018,586.974053
19371,694.488497
3996,133.798931
24259,1005.131840
2558,7553.764397
27397,1785.257303
841,32791.471920
1459,3339.681654
23634,523.084722
13622,278.717746
10608,126.081685
1055,5065.199261
20059,885.819437
16045,295.316142
9012,475.266596
3575,382.450612
18960,205.001764
20675,1142.177004
13569,1303.966518
14906,107.388693
18257,2019.337841
3329,125.169760
25595,546.173299
21803,1159.199304
6207,168.243810
18096,6095.955847
22531,1102.517407
22524,464.408918
2245,3300.744182
3767,169.129595
3664,84.052922
22325,1811.752393
7518,195.692543
10477,598.115085
10763,352.742970
17505,781.190707
17975,1023.911419
13310,164.554406
16169,884.156102
27732,1399.734717
8661,154.070977
8858,113.402545
12915,230.950869
4722,109.546052
15774,163.941605
12223,261.622245
4495,305.310207
11287,107.676936
16693,451.954215
10123,75.224100
14642,222.746167
7666,830.875637
2592,4771.300338
21336,1608.814347
14421,2182.060282
8723,110.983560
15140,211.688011
20662,3127.858012
1095,6365.939088
11916,236.248168
3121,306.297595
18254,527.570622
1332,5563.737361
24220,699.907684
17923,183.344204
26409,2399.538125
7052,126.633931
15908,182.529055
12860,221.950014
17409,362.788812
4127,100.644652
2325,6046.144631
8810,260.586456
6241,96.211265
8201,205.079651
12574,157.948056
28714,3797.662300
5954,173.074779
2515,11245.326435
967,5083.559511
8299,93.843348
12999,278.656718
27784,691.632591
24938,2506.999272
15718,175.836648
13539,846.505789
571,1111.328450
10097,287.808603
21876,1978.758554
5912,121.327429
25503,305.070585
15565,111.817332
19960,301.376590
7790,101.089588
1318,1781.158262
25705,5537.695586
21057,1498.652783
9831,150.366272
15877,252.311896
15761,186.238996
1181,3090.096503
805,1588.705104
870,4763.684746
19701,4387.696795
6829,270.375343
26979,521.252487
21343,686.882328
10071,175.262133
5286,185.460307
9110,2270.900529
9193,121.447685
10644,122.702241
19715,9212.380341
18790,1862.543183
16800,1297.293112
1464,38306.370000
5420,149.606802
26107,94.461462
11532,212.989987
25826,180.845111
206,9588.427802
4465,378.465985
8949,160.055251
6565,82.515663
24346,323.670726
4474,643.044765
4784,671.810495
1344,4321.802876
22210,949.298912
8641,133.839784
10051,381.957643
17100,4787.367408
23908,10118.772609
11313,102.185266
814,2570.597755
12404,3936.501583
14450,13190.367383
28091,1581.571667
9959,72.860575
5916,241.654757
15802,148.249108
21826,833.554643
11646,110.617461
6313,111.841591
27215,3734.852592
26215,3069.423227
3703,292.062804
23344,575.087109
26134,1142.017940
24074,535.454683
10545,322.294283
9513,331.059952
25182,234.207178
5682,997.518609
7495,476.936755
4389,100.395074
15957,161.971409
13291,112.819922
9548,108.305316
8047,259.284186
24195,816.802768
16410,363.200261
5584,145.624528
19078,1534.969597
3706,338.164676
27584,2389.553357
13340,100.857450
20958,1869.351422
5539,110.101057
382,4439.009622
24940,1739.822915
18781,189.785575
20431,5910.414904
28579,3993.841404
180,829.819403
2798,163.450022
22406,2350.866098
21782,630.541385
25169,2031.947685
19595,673.973521
26475,3940.716603
13181,199.459460
813,16170.142934
5870,74.620487
10222,300.433209
2886,113.796644
11893,104.846102
23987,121.793856
21339,559.318533
1267,11395.189353
20873,1165.378073
28242,4968.411638
22631,1116.335195
16122,2553.895331
26606,131.640108
9576,646.708910
21365,2004.761526
14274,1524.488749
7384,289.844969
13381,236.734141
16303,1716.288948
27278,4701.038701
19235,1560.975406
28314,59.114271
23397,6650.930902
3744,1651.876844
24626,345.683668
15661,94.344105
1577,9017.673636
23877,569.042633
10874,139.372678
21251,2420.207745
26596,565.130186
16185,210.019576
10548,387.695432
7317,107.704630
18910,310.617159
23034,421.361165
1176,1468.031877
17590,508.265422
10155,98.557197
11311,3237.628739
17974,191.400785
17627,969.831300
22352,646.151799
10673,67.195251
19205,6066.475405
12550,646.136723
23756,257.689562
17398,1185.670698
25243,261.581807
10213,55.442347
14982,144.215266
17070,296.666681
11335,110.506786
19241,977.550492
8940,185.015459
22557,2262.803915
8732,204.962136
4647,137.056781
22770,24088.992680
7405,151.593716
2657,11713.734292
717,2879.003175
22416,3620.920853
5263,753.326048
10132,104.291726
6427,65.032189
18633,329.731212
20509,2472.741501
23247,1079.436198
5441,116.531340
13648,205.663874
16630,331.421258
13398,169.728646
4198,126.308335
14802,214.038532
17893,700.935303
1454,9296.038136
1912,4639.111606
6856,176.151046
7862,147.878856
13795,176.872846
23839,288.345011
9349,142.542885
14361,188.234156
13927,74.346710
14305,362.232917
21811,1254.872999
14151,224.303532
4535,512.936834
7637,119.054892
18707,1449.561771
13130,68.508475
7562,86.685578
1647,5330.643887
8640,116.751651
10382,26.941068
8060,1353.885685
18528,151.076367
19494,982.937679
12085,97.084435
74,698.920855
20691,1007.093424
3716,187.672964
21934,4245.166896
10850,85.156100
9226,170.741982
16030,304.907848
13378,869.540211
1570,10101.546272
11879,286.148235
20044,981.934576
18480,236.694759
19319,676.737015
8435,106.631859
395,2159.209224
5887,1381.008031
8866,331.235488
5185,209.286460
10444,150.225551
24818,1362.093372
16904,483.307659
21887,2385.449257
7499,125.940239
18403,495.505692
19358,687.301912
820,10813.344160
2456,13820.348927
4271,174.368396
13737,193.182478
23116,330.068423
8581,354.266148
5106,180.368538
22281,1056.231236
12483,173.719450
7274,305.912036
24000,651.314196
14231,2185.126221
1956,3519.576515
16068,186.102759
26690,1887.836390
5773,510.819992
23158,652.649097
23248,447.052489
13245,408.107695
1840,5391.496830
20727,659.987116
26702,1489.231274
3278,120.663349
11355,214.440132
15533,110.691610
15575,807.758192
5932,164.702429
10187,77.377300
26567,141.289118
19840,6763.408730
21970,4720.190334
18175,1257.531136
16189,337.332278
9333,133.595104
24912,5244.131948
20451,5291.092770
25533,6217.653012
20165,994.330415
6751,168.172170
7505,249.862093
3583,134.244019
24640,6041.178474
9302,113.846646
24018,82.480284
20589,2862.248442
3444,442.499975
12134,204.527354
27991,1654.673962
21761,807.562716
5375,132.306527
26592,1782.512526
21187,1215.991900
12327,64.813815
24991,459.725394
23133,1199.416300
2181,1417.545852
12881,205.789107
22519,936.128547
20182,1026.174998
8461,95.183368
19362,913.346450
4174,112.956562
24858,793.593851
2500,3867.624329
8158,569.504511
2655,4588.079034
8876,232.350436
11338,156.614347
20473,7361.118860
20069,1936.822644
27560,765.651180
1755,21487.994265
4334,128.179523
1681,5344.413907
10125,233.207383
1413,7904.577750
5980,465.155245
19971,1130.414836
13595,145.496716
14947,283.631716
9991,704.222628
25558,94.937179
10033,158.027894
5724,308.354333
19456,643.103363
5160,1063.210161
26375,4258.760528
18225,492.445464
4542,1161.939202
22065,2512.484664
27097,286.737942
11196,121.624125
2590,9050.900593
6273,116.116056
26025,242.754641
19542,1762.489817
13959,134.438048
10312,272.946401
3977,1003.543087
11605,143.269575
19044,3074.386827
19353,845.393525
8962,208.340677
26709,3015.826880
15675,168.264355
3485,329.087574
13060,368.655084
12652,131.132226
25847,908.274894
5427,80.695554
9173,297.743714
3176,1166.769860
11058,291.915895
25631,1922.123997
16588,559.260162
26403,533.562645
6963,109.021169
18589,737.232900
2539,4681.083718
8003,273.257255
9878,80.676192
19351,620.753234
23639,1245.207241
12124,164.984050
15256,1184.407392
27928,841.137630
4846,186.861244
7643,157.044303
16839,259.979413
4254,59.824948
1753,17378.913692
10989,204.280146
17122,2522.942100
17303,378.781831
2537,9123.903354
11589,679.267718
20245,1158.624871
423,7703.650093
18607,279.997013
11373,240.203383
5564,149.273676
2514,12062.414930
15699,137.872730
18262,1443.911524
18612,242.959172
19468,444.090443
20776,1450.915787
9075,434.268811
21335,1982.454057
21053,1136.530955
20370,1584.779987
365,8534.628429
3318,315.306134
584,2295.379450
10928,141.134278
9512,487.749098
16626,601.543406
1560,7080.904941
15753,187.984053
14940,188.868652
2044,2681.443853
4858,100.712662
5362,108.244213
3585,125.727298
24075,590.846461
7667,229.443955
8155,254.450125
14878,476.463846
53,4919.641930
5472,120.345681
14238,2098.934484
18453,633.762519
25943,3105.950276
15929,357.222775
2884,97.823896
19462,541.170726
7110,543.901443
12160,73.909303
26585,9601.073309
23969,5547.402503
5497,749.043581
2697,482.911711
20654,3026.209205
8729,230.583915
7085,248.191052
3935,86.826659
23527,1189.094412
15,12673.871704
14084,108.596653
26543,129.869026
3679,99.509047
17616,2308.607791
7225,183.199536
5842,249.952861
28586,144.395237
25411,590.495403
8433,199.742260
27637,201.164807
23161,879.823204
2930,209.879690
27152,2045.935698
13339,313.618953
8555,94.001852
14994,301.207454
24178,2467.651000
6790,126.220252
2541,9079.937563
16894,444.060207
17030,259.030893
11304,315.850885
8207,266.879650
20483,2683.731504
26926,2627.035872
1684,5281.344828
26896,1186.917013
20651,744.404644
15864,73.130786
11678,324.367276
24501,856.610040
26213,3713.826819
9145,141.159298
14952,132.338958
27808,232.268643
27838,2736.607896
8314,233.382201
4815,404.806481
18866,374.646951
11226,270.303731
27491,3196.754325
6158,185.125041
2947,98.980328
6598,272.847113
8967,146.507626
10303,220.250074
17088,4826.326467
768,1262.093406
20045,1701.835902
15333,287.046591
24121,1960.786583
27333,5238.309646
6286,282.851228
3687,378.603791
6804,89.279159
15867,153.949666
9942,80.302369
10331,139.989580
3725,289.969706
26651,1045.644042
14720,327.679086
6181,103.806134
18948,385.225000
25005,7063.255958
28508,9888.632622
24890,3760.082924
27389,694.317088
21369,1357.786195
23341,405.131540
545,1376.105570
28259,807.568111
5865,116.025621
15909,321.983819
17702,648.475513
3386,107.570765
25658,9284.201388
24724,109.446444
16947,301.671427
20427,670.270181
22754,1151.610255
6350,627.181060
13295,162.451174
27116,763.388120
13167,733.762721
1320,1577.750467
21895,1017.274588
23280,1906.980064
21122,1829.482894
27611,1314.864280
26614,2967.800229
22384,363.434669
28271,3206.604944
15183,599.586363
26913,1776.896901
14946,334.905179
25757,940.436721
27110,1707.231406
27547,2847.810921
18632,267.238891
19996,1264.851646
27075,695.156372
20138,2156.779369
22683,3623.268287
15332,443.105234
791,2748.053648
14390,218.549109
28189,1440.510290
22274,1049.482293
2663,1892.780318
4626,593.905047
18729,441.737550
6819,179.320170
11865,242.072052
12434,177.734201
2800,128.584769
18195,309.315662
10455,376.117961
20773,2789.818327
11961,106.375489
24190,9818.830134
26870,497.022453
13034,118.913623
5303,68.725605
2989,184.270323
22917,491.042602
20332,718.818924
12880,241.085231
12584,253.949654
7899,193.648719
20978,973.128608
14145,101.098684
24400,418.079423
19097,5231.954688
4708,79.068732
6010,249.102737
14601,181.220170
22200,1441.654471
9436,102.197042
15277,235.026633
17729,802.009277
3115,177.986681
2851,131.096801
5878,524.436178
7901,2760.120499
26459,563.040797
2828,75.706919
27783,1724.099509
4552,100.743024
17925,391.984563
5700,406.920109
2334,2523.725715
7211,143.830580
19874,1107.771976
12456,99.784068
2872,1045.932760
12200,1904.679565
24119,436.591246
25455,167.790696
13672,4237.349775
1791,8565.415850
112,4820.588193
20453,1737.714669
17896,469.249678
6593,100.162238
6436,112.211753
4390,83.243595
15790,146.592094
26171,1995.608935
2739,387.078592
21295,1618.500702
24620,550.987614
16477,510.339062
10205,191.505705
23815,2283.035117
28538,2096.584200
17180,369.624808
3500,129.850442
13346,196.764685
11272,131.572675
4108,536.793737
10019,171.413265
22057,1294.555829
24634,419.417093
18576,864.117269
28138,718.415608
19487,1616.745286
14369,1881.591682
8600,280.778163
27681,549.555117
775,2621.381474
11682,2427.779848
11657,159.438857
15529,1048.636900
915,4610.755042
14948,1111.666220
25339,1088.908226
27880,37.933705
3655,90.019688
24672,806.072250
23967,1229.919582
13937,133.777173
8236,96.307148
19446,889.782359
28770,1640.920446
19056,6433.621918
7105,163.590414
18699,409.827507
1698,11352.461873
3956,144.361499
17801,949.598883
9709,275.778233
26040,640.839562
21115,923.697105
3458,1062.006797
22093,439.144654
7809,469.826398
19739,18669.419743
19470,460.407328
10358,107.917144
28558,478.373962
14233,1529.625472
12367,662.896926
28102,9380.420025
6440,190.790985
23086,1930.184274
7129,105.864715
18853,1998.936080
5602,107.901809
23912,459.502462
17156,4214.521814
11243,322.796747
6216,292.765765
10538,368.308382
5258,190.513917
26505,1168.862703
22566,890.706516
26801,2461.686178
6584,184.846745
24739,82.290318
14289,2281.719345
13096,148.422050
10307,387.687188
10305,286.772686
13984,102.956707
11907,92.909448
5903,224.999285
27615,707.529419
3390,252.902200
4945,245.919085
5069,75.388782
3010,162.458600
10964,910.163895
8699,115.918849
23325,2120.104830
5781,35.083472
15022,97.385461
11904,93.614561
24502,463.806060
11586,484.440959
9822,170.673614
17427,3661.354848
20832,1486.368243
2629,22028.292416
23282,233.917701
22140,1831.766435
2525,5028.929291
19836,2255.216211
13719,409.378636
14745,153.008349
13796,205.061220
28143,2043.563675
10558,146.483632
4132,92.870815
21766,4915.069744
6276,1451.763675
25465,821.808567
24622,633.910617
7310,139.783755
6575,115.834362
21235,6102.243968
27866,2373.254953
3287,179.748381
23103,1235.835451
10616,120.236620
21221,3819.163734
23340,502.897370
2032,1142.550652
15580,161.653246
2706,205.676973
15522,221.903139
27678,83.387455
22707,8510.818414
18816,3681.230557
22072,3285.291899
15182,441.526162
5386,131.545938
18100,2582.440978
13932,192.334212
863,3877.684311
1928,2097.321008
19666,543.726795
7079,479.401501
15713,185.977329
9077,321.703856
27770,587.288028
1238,14345.858150
15008,237.945662
19897,635.755414
19140,1338.942006
5534,456.721839
1561,8858.191877
2056,3118.871218
14885,152.155367
11509,118.283280
2670,794.917409
633,5566.284184
16781,323.772922
18378,400.072958
26828,16188.581166
12901,180.688928
25871,1555.405985
22975,611.824702
18265,3119.345400
23079,776.673669
26480,6506.883509
19941,1993.721490
7626,140.742003
21768,4252.398992
12795,335.857745
13411,483.684624
9968,4634.905842
17650,1271.457487
20812,1311.887289
1615,2347.036298
4677,105.414692
12219,600.587493
13206,71.547316
3855,91.276832
5801,152.598826
27286,2940.784350
22124,2517.177403
9730,160.713177
21549,1157.702562
23461,828.741481
24126,2281.469182
14007,99.816350
10835,125.204091
5808,147.566034
26582,5493.804878
12615,368.977835
21108,1196.461311
2484,3029.028692
15340,1031.143810
24120,603.166650
3198,155.122292
11885,149.106196
16086,111.994192
13741,233.218155
15442,479.872903
3314,120.039061
1653,1961.573285
4377,252.158659
13841,56.289226
10375,103.951884
8520,107.631703
24254,3411.909378
12691,268.802557
20073,696.341586
25921,558.290122
16633,768.931491
15440,359.618444
1583,1531.881446
8342,139.410986
17045,862.810019
17212,2214.505431
6901,126.751723
24600,880.294944
21919,2048.484296
21459,1795.614448
17833,722.909119
14842,149.767581
20103,1609.324769
3916,96.899799
10229,160.177543
844,20670.832556
1948,2661.708636
18278,731.471169
10508,412.949362
4826,321.529775
20379,1317.825648
14186,379.403400
3346,391.689696
15499,122.569999
11141,373.094607
18193,3832.184003
9552,113.802647
25126,1167.622691
15181,851.869156
13653,217.426234
26790,1408.000995
21882,1106.018876
5153,328.242449
13983,1383.426904
13985,625.289213
11902,124.933377
284,5800.455431
10227,208.704927
5599,136.105051
12747,106.963530
6451,187.075139
26619,385.382440
15832,444.371665
24905,5033.309452
14434,2052.530857
7467,604.771199
23621,1637.632598
26060,434.262590
9011,176.369093
23117,532.008297
1394,3291.834358
19652,745.649504
5528,422.733088
3911,134.798006
11666,405.983992
20694,1434.162906
4599,258.850267
27930,1966.542486
17097,10776.825802
16087,520.751032
14702,197.891583
16695,281.744186
24472,472.127182
22972,1152.992128
16518,312.062010
3548,94.698679
22782,1393.948185
21917,1411.375775
12320,309.957863
22162,1467.255061
20571,3185.868111
14637,158.733957
551,5509.985232
19994,639.899494
12014,119.346487
26125,158.029606
15317,1649.158225
23970,2929.328438
12214,3134.362105
26739,2030.856374
19548,737.279048
16265,2940.238095
3136,94.106310
19224,1042.335782
19514,3080.689039
24407,817.057955
891,1560.051958
9903,178.281632
1020,30244.203263
3675,100.574656
18347,664.750468
26422,2152.672846
2053,1447.666407
12129,336.468590
5816,131.838960
4167,102.979596
16422,244.593830
12547,176.690299
14026,557.209417
15978,196.024166
2992,152.339312
14541,1155.973957
23228,216.135711
4800,121.246206
15073,162.988962
5485,113.223950
6027,150.619586
22394,1489.524738
5245,139.388842
14770,167.736311
1416,2182.534401
24264,1246.668892
18039,199.460390
2759,135.411982
10906,120.625858
10343,100.302066
6784,123.532893
8260,528.746238
23593,1037.873737
17933,226.455767
25702,275.706903
4407,104.480903
2266,5943.948932
15760,322.925661
12403,137.439404
447,2742.115147
3285,173.394188
24718,567.479186
7058,272.236923
1635,729.640626
12335,128.023984
5212,69.761167
1733,7760.597963
569,1412.426267
1717,1907.606492
21631,678.210331
23858,689.747305
8373,166.903785
10215,233.004477
5590,952.424009
24631,113.586626
1400,10539.937591
14807,82.684999
13138,553.932364
12508,530.366371
11615,897.524772
25842,331.242866
20562,1413.589000
3557,132.568309
3363,102.864530
4323,321.979187
11731,105.338217
4411,117.198427
2557,1625.114897
4082,136.310362
733,3332.313773
6757,164.822403
17617,836.976799
13516,406.265580
2508,3202.518758
21443,2559.921109
7444,1346.496313
15719,88.771890
24084,2178.152752
13811,168.131292
7013,332.078343
693,13573.686517
15789,190.211853
10237,357.585331
15725,231.624111
18630,293.286906
22691,2541.958295
16789,260.144533
5060,112.476136
23546,4339.394391
26183,59.535515
10362,116.097732
19027,3026.308593
17767,393.298997
7967,80.430753
6193,180.200981
7421,130.683844
20731,1187.466213
6354,374.820371
8970,173.277427
6112,263.753609
4037,102.651314
19886,2714.414734
21971,3039.732658
7210,131.500821
23711,2529.996237
6812,148.066310
12892,125.629429
6390,618.068782
5725,134.232770
18711,329.603095
21781,1623.801211
11465,1320.596607
9234,142.788958
24336,1483.674456
6434,131.926204
6438,230.676802
10939,141.065248
22860,1292.268188
10680,690.259279
2477,13311.094460
17025,516.125415
13951,145.366643
19742,939.143954
15343,415.684839
11506,1191.962983
11805,110.591680
8910,145.592220
12151,113.664404
25406,3957.129511
19072,610.341689
22433,11920.826310
1080,2889.042898
26665,193.400589
16739,493.170327
17740,374.207133
18520,859.011078
26601,2626.156815
19608,732.816059
19101,1734.507769
22276,1212.494706
13463,2521.765272
25994,1599.547977
23520,1810.022101
4073,520.439071
11007,1080.261438
10111,181.132920
2951,69.232576
28498,4078.862485
11074,1072.455190
6486,208.123868
3125,220.855898
6322,1028.300354
26378,16598.098924
8408,114.150012
15721,249.256256
13254,136.895900
19858,454.382224
7482,263.151465
18738,299.879928
15591,486.954759
8190,798.662180
331,6953.425537
22475,812.428550
26575,688.930158
17279,982.176658
624,5193.028329
15548,383.098885
2632,20119.526734
1092,11393.370097
26597,3695.338579
17546,521.192519
10823,89.282491
15230,213.941211
15686,571.454250
9006,173.630191
10740,529.608692
1854,2186.002286
1458,14072.319936
4596,201.677449
21112,2582.992473
13970,154.946065
14377,140.596166
12172,192.523889
25381,118.445168
11440,146.763967
20481,1767.424760
14339,994.358529
21154,3491.322859
8360,234.876293
24394,457.958543
22450,1181.056611
12969,318.447919
23747,1854.452572
26526,1872.691123
536,3422.792307
18458,1180.683220
20442,3760.948839
151,2337.073515
16247,1625.676609
15486,489.834040
11658,190.893203
14211,188.734520
20838,633.118464
7360,103.753608
8188,233.595477
11654,814.073696
20526,3206.628374
18411,1482.337048
26780,3005.953001
7985,384.307320
16724,663.340360
17853,286.780275
4273,191.590049
26061,3014.272378
4767,108.018564
24701,109.580482
6914,130.826921
26572,637.815980
3542,144.019013
6566,106.047086
322,5695.948992
24828,770.654352
4876,197.779467
20795,4401.279018
10773,89.923544
13533,361.469832
14019,96.713870
23537,1803.950354
27136,2052.899066
8191,247.401094
17285,1100.797747
20909,1654.650982
1022,12752.789692
22586,617.411659
16553,663.773162
12353,165.140922
21664,1397.023900
10397,141.544376
2290,7844.026021
11414,211.043885
3566,109.343831
17987,264.280431
5754,140.991787
23506,578.704135
19018,3051.476246
7515,184.767107
24881,5708.288161
8109,101.286726
24327,694.168145
22747,1625.774147
6874,188.499488
15309,385.506570
28712,177.131583
28513,5358.087598
16694,281.744186
9603,168.796303
17639,937.699604
21976,703.275366
15004,322.359619
11759,440.424485
14174,270.158737
8463,105.975802
28207,217.040169
22668,946.184101
909,9042.240893
2351,22529.848544
28029,982.860031
20187,1123.945353
946,3303.297076
1153,572.806693
3007,114.177001
10394,223.384924
16179,1215.174640
4683,114.367359
19298,1256.223055
5650,530.412908
511,5956.780798
4368,293.943576
352,1492.721362
17271,1282.532745
4808,206.522650
3199,89.937977
5058,255.787218
15866,48.925077
20205,787.221284
27898,45.000704
20702,1329.745393
26075,465.423336
16526,2700.894540
22074,2850.454230
12102,172.414508
16437,379.186269
12018,250.508107
27084,7065.171530
17522,369.273345
24636,1960.985430
7743,169.238183
9089,303.019533
5235,214.740308
18068,2395.810372
12850,955.891781
10143,178.800313
14965,135.645829
25311,2675.306015
1433,4866.848801
10541,904.376524
21988,1688.382732
21030,855.957505
27884,557.838540
2817,1716.312538
7832,139.460256
7762,227.067877
15809,193.669647
4612,94.335050
6498,194.205152
21060,15572.074379
11412,135.675651
11041,510.754993
13568,178.072530
8579,224.582416
8415,619.609424
21497,1058.344205
47,3851.240170
22587,1046.184780
24819,735.949640
8589,933.197256
6851,125.053460
14055,251.872251
12453,167.980910
19135,2646.711557
16605,346.870101
17341,2085.906399
9401,143.939705
9450,253.359784
3303,74.859667
14509,129.271792
22256,897.391695
19275,482.858158
12007,110.495717
14353,227.461258
26295,562.450201
16438,504.182682
1806,7252.416717
14732,383.242922
2789,104.337102
22806,8846.029720
10078,342.082688
26420,4374.872041
9484,269.808943
17888,241.268294
14927,104.073442
25610,393.860211
4914,242.448715
23525,531.387161
4149,240.556823
28127,1841.226277
4586,240.094464
2096,5483.202280
1450,5468.548666
10726,266.078961
26956,1202.339561
27310,783.974794
6688,447.622903
25423,1276.818172
795,7425.212279
1323,5022.873496
6535,292.424614
20478,972.725956
9979,2060.185019
8883,104.181158
2701,163.188695
5320,192.722530
28344,184.419943
8750,255.406043
21284,3090.945892
27140,51.179865
1835,2095.695813
7172,140.463025
4577,101.078841
12630,1328.851119
20222,1756.512431
27015,296.862774
22284,584.540901
10112,380.474256
25954,4183.448171
23134,990.101692
10369,69.132330
19788,1081.584338
25988,2094.647260
17226,7196.112613
25831,170.934480
7289,207.806776
16813,280.572609
8320,353.222559
4467,880.114058
4963,97.993284
12966,802.282443
25197,137.979591
25070,1584.968151
6407,105.514101
16519,1536.847928
3992,1313.848411
27508,1174.942837
13004,193.593781
24771,487.752308
24429,2408.790644
5325,81.472268
27358,372.959832
17665,778.009182
1776,6668.779481
3789,108.382937
1652,2092.927601
6300,143.463075
18371,550.702952
28034,9297.180035
21915,1114.547849
8221,1099.991243
5561,1039.085321
4982,147.813424
25932,858.597438
25883,644.417493
4823,218.671025
26658,2321.654780
9410,143.244745
3647,170.733251
22874,580.920508
10985,5052.234213
4750,170.154643
13363,160.125902
1987,15642.396706
10816,163.858045
20028,1297.207196
26109,56.270571
23616,1921.053159
28804,88.704862
1044,1182.738545
9912,161.517545
9724,181.810468
24886,1761.188209
7253,137.869485
14988,207.007575
18712,249.099158
22612,491.454286
8633,220.830062
6320,176.027297
603,6311.707931
12053,182.935267
26781,4375.831046
18446,650.063231
8745,149.459540
22805,1971.904962
4075,94.401838
17742,303.224612
5512,1558.691416
14391,538.942739
1972,9062.941933
1220,2898.579306
26054,757.697296
19881,1553.090105
15359,431.369924
1217,22899.804498
9251,228.353516
21323,1263.210620
17951,359.023264
24583,768.800166
12944,848.372009
7174,176.908319
8426,113.533771
21824,465.029789
19995,1202.125040
13084,247.459380
5709,104.290550
25644,5125.335905
27007,5138.122614
22195,1637.016018
131,954.136125
17396,641.048478
18011,337.373062
27193,365.600237
28035,923.011939
9510,6321.716850
21334,858.164014
11563,266.093599
25875,1195.249926
1290,12307.479143
23463,1524.913036
24825,470.212011
11603,130.849235
25260,156.431509
20942,1327.703439
2408,9533.733372
6267,103.702217
13730,332.322308
25079,1129.685853
7494,164.597217
15618,319.617281
5151,183.560132
14993,154.056639
25345,116.395720
22079,3717.984809
10459,705.620129
18272,847.211233
3708,200.009577
16844,2199.845616
14738,154.628386
11592,64.543792
12231,223.366989
2166,11476.311406
6389,1222.887261
11796,197.725886
5417,137.283676
6291,423.741183
16742,384.228341
21173,3661.538780
3723,152.558790
18258,623.867018
6326,228.181707
20296,1012.566782
25253,4147.212933
8710,101.541115
24749,433.671769
11463,308.157084
16998,246.270378
14017,181.945904
7615,99.628055
22580,992.923890
9633,572.665615
20740,1758.067168
26092,132.667261
20090,738.156942
2091,1849.734881
21555,919.641679
21618,2167.480690
17181,2002.575950
2962,88.869019
18112,1046.897041
5718,186.835762
21755,2794.291961
18591,1598.878252
4043,251.005786
25294,562.341893
22589,1008.601418
7159,383.481675
27590,929.060214
28522,484.428863
6149,185.265270
24236,1576.619886
6257,103.180988
4609,131.030035
25225,1621.500408
20441,5815.892159
195,2467.776325
9693,79.794866
11204,179.226107
24044,113.900625
26497,1096.019948
24361,540.666661
7961,701.953455
7594,459.493760
15369,742.617518
13042,158.258789
23630,2191.631206
8259,267.617899
28812,1747.121431
23372,1833.764152
1651,2509.365487
547,998.380283
1041,2114.589828
28052,429.911047
20075,1070.443923
16966,308.901558
20990,876.872961
21234,1909.706533
21041,987.931701
15602,676.817478
22870,1962.693519
13365,195.038432
13072,150.453088
12396,51.287842
5310,78.023248
21713,1915.774794
11768,615.724418
22729,2401.386775
3857,402.749700
23726,626.921320
26129,676.370270
914,13101.532737
23096,332.226850
5606,185.849416
8298,355.273152
11626,386.130612
25903,380.936025
26862,1618.033045
16847,678.995649
7257,207.403046
18725,190.088678
2676,1052.802897
8776,1894.457591
21907,895.018318
6994,107.202221
15795,156.840328
7358,128.345547
1212,7686.042800
7588,106.378754
26667,98.898891
24286,939.620536
24088,254.274765
24735,2629.235572
9298,105.370699
19949,2801.289176
10975,250.503886
5684,201.938644
28076,1766.640870
16312,1651.575572
4275,101.817547
6121,90.657208
14577,284.353053
22733,2699.900777
22207,1512.010454
329,13141.785350
19287,612.865441
11712,3751.528124
14408,347.789430
13393,65.718898
22350,1875.834326
12045,109.068736
17130,6370.949795
16234,4562.281932
11282,144.767015
3297,105.790187
15816,133.060218
18679,211.945039
24278,5680.231320
2043,2681.443853
5703,229.627329
19513,364.985013
11022,880.607795
6198,107.232150
12098,131.378895
1797,1265.604118
27128,415.802205
19536,518.436942
24205,339.042987
11954,88.243464
23807,3938.153971
21246,5873.308827
13293,228.803581
12233,461.062169
15858,156.082009
23482,5791.489069
27334,4083.571471
15187,2060.172194
3749,156.251979
10590,173.796676
1654,1303.235661
3556,324.600047
20247,400.356056
27430,8936.383430
27187,1550.827796
10783,64.186746
21727,2854.939741
28072,644.161914
23926,838.586689
10530,773.261781
19268,2487.518391
16691,2570.161568
1822,4392.573937
6848,504.963512
1532,8401.458767
7828,2668.808259
12397,80.298176
14992,389.676864
26758,453.088011
18309,2074.963631
25157,464.792768
5434,369.712709
7340,460.448718
28068,1261.417145
526,1154.291812
14519,283.882973
8458,101.453852
22819,9964.287339
13997,111.873023
25777,1375.841632
6953,123.279093
19794,1492.239832
27564,2126.540631
14112,142.742034
24741,112.483115
18409,392.049072
2799,362.038291
21213,2008.255934
11700,65.973167
25245,343.921733
24412,913.875125
7366,386.039223
27796,5270.439724
4406,102.991812
10176,191.252409
16702,461.521583
6459,193.133333
10756,213.001081
26530,3877.840961
8055,116.854031
3240,125.150831
8587,278.619659
17887,409.327462
5129,3798.340090
17356,6344.056702
8562,3441.934931
22134,911.022555
6184,97.845273
2064,7680.913966
24105,609.039594
1581,5169.791193
476,1706.996780
8560,5733.169819
16029,113.856186
13168,96.065772
420,2980.493955
17774,970.024514
27982,48.467057
22872,2413.319128
20855,6606.956209
35,1649.716314
9285,241.913561
5893,155.732372
4733,377.103035
8867,156.442581
23375,216.998056
16760,328.322102
22959,431.932973
4393,106.658479
11191,1385.565794
10663,242.405345
13713,991.206666
22966,668.804788
28396,1339.212619
12769,73.246610
11136,168.156970
22464,10159.647105
17687,706.273395
19940,1005.661155
22832,582.272648
9275,194.588711
12273,141.093696
27538,1575.284729
1734,1628.161855
458,3479.707076
20822,3344.485294
15078,127.659117
27236,5980.581088
8881,119.838308
1929,2903.941879
24248,322.789213
12525,155.947281
13949,188.120350
17530,3301.936603
12869,1845.776171
11579,1612.383479
8838,131.643437
24194,1961.768173
1918,13791.928539
28220,744.496784
28454,21.882864
5493,105.408857
24183,2236.219379
22931,926.183047
13108,104.975324
27126,5368.640524
12244,220.578902
4543,351.694804
3410,349.993371
11522,268.603761
16650,442.394228
23130,4289.733026
2994,124.856343
7010,634.042401
12633,167.125303
1350,1161.126947
6834,266.712605
10241,126.876080
7892,96.953433
28423,1319.023312
23167,210.623883
24189,1285.730388
15534,1580.341985
1259,23034.240873
19201,635.472264
27702,1223.124422
9672,229.701632
1293,1054.127024
3999,375.005739
27933,4503.791998
3480,148.082569
15519,344.670499
21499,7260.325168
20907,2473.502622
10433,152.994024
20426,653.182418
4388,281.179564
11332,147.618721
4047,246.593405
12060,167.121763
16159,589.827925
9299,119.442641
24247,508.536291
23357,401.558764
24627,967.423172
18509,1536.616607
27309,111.292870
20554,1775.828122
21660,2263.380539
12616,297.775173
5350,145.823712
4366,119.676301
659,5019.835028
23982,241.127486
10629,914.520530
5722,403.952921
18748,486.476002
11394,313.382608
13619,127.747419
3819,102.126033
22125,5874.893717
21706,890.087997
13873,142.414445
6745,186.095961
19115,1333.837453
13342,160.851117
23041,16848.422920
17535,1803.315609
11376,62.117413
18839,238.807524
9475,384.652812
13660,186.181833
23989,9298.022852
21367,1783.637813
8065,100.226640
16961,234.817590
14996,453.628950
7278,189.190945
5056,142.116717
17437,16128.024314
10413,150.351985
21853,1211.777978
16416,312.386865
9600,616.554423
27899,6685.053103
27609,566.602112
26211,440.043182
18207,2353.669507
14269,773.063485
18537,4786.453522
24163,1398.937150
20383,568.122797
16711,282.337615
38,740.682010
11288,214.040500
22858,699.750765
8370,98.592084
13894,189.219626
24614,183.595620
4755,113.686702
10440,107.740252
21444,1188.259626
3479,397.470337
3465,811.187187
787,3113.164335
8739,115.132472
11622,482.634879
15878,77.780732
25416,198.811379
9286,125.431451
16681,482.201530
6980,197.182129
6503,1456.354336
28577,1017.213712
20490,3846.299456
9751,185.742324
14039,170.736037
9322,289.736500
14502,127.739118
2530,738.076695
12782,183.849740
15531,578.197188
25286,78.976241
28768,826.714723
21797,2494.826801
12138,104.328047
14991,77.473894
13078,210.467714
19162,1975.232261
4734,95.226473
5017,247.689328
21226,857.620524
5964,121.331314
849,4286.450670
6641,378.657023
16316,315.574359
16494,187.096895
14015,105.336655
28023,2381.747784
19491,550.217894
16,7339.209463
1316,10064.870797
17397,290.174045
9586,234.859699
25221,811.096235
7817,261.047690
24136,916.447236
2165,2087.999411
27148,239.135808
2650,8854.180317
23498,1807.187708
25361,559.196145
21382,3564.204543
19440,2464.915711
5233,383.711342
24606,476.192796
1308,19902.117593
3962,140.471095
22298,1720.860109
24152,4417.595047
14750,166.055371
2552,16816.250056
22459,1408.665947
6265,117.569985
16545,3578.054670
23047,1914.913607
27251,8394.023360
17705,5151.201345
15950,163.570283
8615,414.169250
2887,297.487486
11045,905.873887
17421,2569.350629
16981,179.775441
6625,177.527943
7736,71.747058
4600,137.230917
6968,116.692412
1254,3017.501755
6140,131.638162
6799,131.001642
1006,13271.158734
6068,246.150273
8478,241.153801
23555,1704.571371
9231,122.996242
22495,2585.757983
40,2312.513882
10801,302.145153
16014,113.998039
14137,193.178261
11278,160.171910
23623,484.386799
27512,1062.355776
27298,3094.326365
8522,132.606767
24096,632.752453
933,2426.966004
19383,786.115940
2859,130.881590
24177,653.569409
16032,107.104105
10255,204.465781
8824,167.232483
20039,1579.558731
11432,451.442643
27813,4098.375913
7542,116.251881
20508,2127.923727
1890,5077.897366
3572,99.726792
14754,97.359125
4737,331.777289
24077,292.563124
869,2379.054698
13209,61.638419
25304,1242.720619
25633,2435.119717
28421,674.218198
8877,183.763933
2330,2945.355050
1627,8179.909443
16680,328.129053
837,21259.139987
21646,746.132226
21254,3264.656318
1846,2131.937845
8681,277.350289
14850,99.028080
19011,3731.871753
26245,240.556753
10657,171.354241
20047,575.845343
9293,84.968946
11038,2653.610771
18049,501.629385
18382,167.467233
3939,103.679510
9918,135.481662
1664,1687.791745
18097,6129.687090
3940,102.749422
20429,8638.128184
13553,298.580303
11957,434.125750
12964,478.437094
18491,423.645965
5871,134.364970
9683,682.804644
783,2614.959716
21013,723.205848
20232,1427.572153
10202,68.082440
5230,117.852781
19314,1854.389660
13216,94.968742
25892,1482.580706
19921,5789.411036
27888,104.873599
5946,1636.215458
12932,90.851415
13859,130.314817
9735,97.248412
17736,1151.540189
2673,4520.922896
6622,135.165175
4371,243.554075
19333,1019.350801
8714,188.321323
17186,9244.604788
9139,187.962834
1453,2511.566209
26850,796.634716
23833,1800.233321
24848,1258.230730
20496,3515.134373
18686,588.166763
6088,200.442187
17211,3623.049981
7120,78.795287
23662,1121.310224
9260,145.620417
22442,2134.036517
15087,100.493450
18404,346.491697
3031,106.453510
22185,763.289163
20668,5504.367440
26859,1057.989238
16964,222.519070
8842,299.422670
18794,598.541245
5206,429.149110
186,14846.851993
8339,105.742261
21542,4772.670790
9236,436.098221
4614,101.477931
19933,1043.064175
10101,258.222499
17445,2064.243565
6160,154.771480
24928,1151.057789
2713,105.509612
18332,666.580463
15513,828.398543
27280,1206.013460
316,1110.548330
12858,1589.996181
27458,924.704688
23308,511.612635
27168,3395.622810
9437,99.365173
23211,295.637298
3875,157.858249
22480,1530.574702
24122,1112.347072
24758,2997.953676
2009,4368.782798
18533,473.313970
18718,383.754278
3167,497.696683
1965,8079.825472
24669,823.856259
22579,1276.024076
23146,787.729205
13993,100.570227
23830,4836.180967
24298,827.117975
19207,830.331155
18169,3418.880378
23610,724.172454
2299,15783.449780
19969,1130.414836
24100,1039.552133
26768,802.922371
24656,177.072852
3354,141.036525
8608,271.690625
9827,135.844500
810,2511.273264
5454,243.472537
21133,947.695941
4572,521.386448
22094,481.234069
28643,1636.770969
12226,762.809955
24590,569.823167
25397,399.947411
16860,171.186083
11453,98.253414
26861,1630.426615
5084,136.373960
6475,125.531700
9647,198.380402
22056,1035.187153
10345,48.700301
7276,109.150459
22455,958.734232
1364,1358.655004
4680,103.671608
28322,1054.193680
23534,1513.081134
3455,1015.911295
23144,654.259405
6551,118.833143
554,5805.131630
21375,955.880453
13546,377.374629
11814,2109.929351
16173,553.705579
17895,618.956915
13127,648.414796
8793,122.895410
4579,620.091128
18123,1622.440772
21022,1421.496826
15404,390.777571
18884,220.812244
11713,109.251230
3695,189.423131
21058,777.687925
23294,255.680186
19028,3026.308593
4833,148.203088
16230,681.244156
10897,1682.585399
12794,109.891730
9593,173.791298
6669,161.658247
27954,2047.499045
12183,661.301621
12678,273.637343
12900,397.543860
27995,4911.554301
8117,120.562434
1529,1707.051601
20710,746.293908
23701,1241.114211
26819,804.326189
15804,230.737390
19807,1497.410659
8934,141.443771
19498,570.691010
21475,706.662054
4979,117.456114
10328,89.721922
17131,487.244197
7551,120.294926
20328,601.089151
16670,5639.413606
28032,8959.357319
21697,1332.879735
19060,1989.012734
2352,1925.024530
7833,105.935707
27549,831.811194
2489,10471.045350
23885,252.922091
17374,1515.957291
27658,3521.550525
22111,3411.379712
7031,200.778734
26177,1244.222666
11193,237.829267
3204,148.273841
26274,882.276256
21311,5469.089822
8693,279.541889
10529,501.204470
6219,114.090036
9534,1551.938752
16754,339.625139
8080,104.114817
21037,815.704702
4337,405.502021
148,1051.759614
19749,3340.873907
11995,94.475164
8268,124.639355
575,6759.731188
16175,1391.781979
24411,963.509490
7099,284.844147
23940,195.370928
4924,225.833019
6072,90.940948
1035,4489.096264
27195,594.159368
19815,532.372382
16267,358.300321
20892,871.392341
28172,2769.464640
20455,3942.743261
5614,150.130651
25388,2014.553711
16442,316.148379
6607,111.789010
15171,333.394455
6034,262.649384
10999,470.610851
21114,1619.543604
23744,524.099437
9662,246.138276
2364,23439.294112
15680,224.495740
25899,934.714056
20100,1586.629124
6857,124.854298
23263,1093.917325
5077,306.180170
18675,285.835392
26156,560.873695
12071,109.478664
7507,234.884618
7939,145.812074
12137,111.691465
23220,2998.269356
25145,3080.916558
8345,153.130769
660,16265.582940
16939,412.898563
18131,916.330286
6960,112.652033
22415,1227.333789
25953,3568.494706
9065,187.847952
14506,424.495438
6095,154.737558
16352,5804.002593
13104,130.654642
361,4654.352417
13840,132.822399
1506,1776.444242
18128,21721.586664
25045,1041.542224
13088,101.126695
15011,103.719227
22803,5356.215631
7695,173.692156
27578,2972.425904
8916,90.573048
3726,117.921004
9493,68.567619
10553,229.527293
20641,2306.401579
6842,710.772394
6331,240.701897
19605,612.174198
26992,271.513886
13234,113.879251
1369,3017.147352
11647,453.983449
19354,1292.131400
9167,1060.498376
8090,112.389092
509,4782.655194
20961,6306.977472
23705,763.930249
12984,142.938470
5542,172.777583
2052,1447.666407
1967,14601.467371
19611,727.923690
10776,450.131607
17938,371.868568
2737,130.196125
25054,428.133697
271,1306.459552
23377,744.973681
15228,520.612618
11086,784.050836
26678,1228.990162
107,1855.079167
2734,186.421206
20507,3375.269372
20906,3549.669932
21545,1021.173627
16225,998.173259
4558,851.950091
18780,594.846130
21179,3353.314283
9763,674.294939
25602,3603.648986
6122,149.940367
16687,234.762992
18400,2874.074327
3684,345.408322
7882,152.312221
19343,727.296662
6555,116.831998
378,2745.959797
1770,4676.664422
7281,91.707699
26192,331.560035
19973,1437.211847
25164,1782.568909
19524,700.636310
16840,1625.695325
28663,712.090175
203,2467.776325
785,12387.695601
3497,678.631629
20501,633.837137
5648,102.137742
17728,914.379729
17404,475.768103
16538,495.204112
11255,76.136314
27672,368.365356
8312,151.735158
25854,58.458358
8604,618.188351
20435,2613.095517
9069,746.422336
13026,185.879915
12118,141.524317
23080,2015.322942
22517,1977.356179
26103,282.595734
19282,612.589789
20872,939.630944
2045,2681.443853
28422,601.811499
24093,555.674762
24932,3881.765525
8904,186.190637
6239,130.251828
851,2321.156710
26963,933.484685
13146,113.363081
25910,1976.856879
19104,2101.918287
21677,719.458269
8852,113.417924
6261,115.740811
23645,2187.091713
20463,3627.310985
3461,145.275630
19334,609.367107
28245,1651.389270
9334,946.405659
3859,113.803472
6837,136.190727
20058,423.364922
23033,14629.070549
12588,96.639381
12168,676.759455
12057,139.316342
28363,144.226748
28186,752.257968
26446,718.297991
15238,1814.892736
3137,590.713628
23915,1234.565514
22562,2410.669853
5311,181.885842
17789,589.176774
18073,3886.426424
20581,2996.403477
6302,209.343220
11947,124.870414
704,10315.401860
28276,1480.262836
3295,142.642686
21186,1650.127221
14358,245.828891
24621,1272.239386
27855,846.422035
23061,299.870121
4521,966.930350
1580,5080.966830
2177,4387.994214
3057,139.262952
22407,1531.587193
21265,5349.106663
3163,340.656479
857,3788.270915
10321,110.029747
21433,950.657190
24901,2478.495676
27677,3959.679271
8786,166.056953
18420,1293.825429
4237,139.902377
2681,705.575699
9214,98.661030
12303,161.770167
12976,123.487389
28075,4121.584170
21175,1072.203684
17222,2152.015884
23124,321.925595
3266,232.908332
23199,621.705038
13103,326.279602
23260,389.660845
3681,134.717077
12052,131.772807
25055,73.424632
10449,108.423984
7846,318.801505
23287,268.865302
17028,835.962904
7782,93.433544
28071,4632.351935
24729,1300.075694
20910,1639.628251
24976,475.064995
23658,671.127374
18663,826.095259
5898,142.462105
16200,259.309547
7375,106.185674
20587,2263.383951
2104,4429.892398
19208,997.595001
18605,695.727702
9655,159.847344
13534,143.433232
18619,290.154239
6091,66.723881
20959,2679.161820
4068,253.643193
26441,2991.186294
1572,2293.928934
16683,289.828870
178,1104.471517
11866,83.275491
22313,2146.909001
16721,654.845455
16977,219.176827
23975,587.447485
17597,6468.517493
2586,4570.411044
6049,188.998197
26832,330.497002
27977,2409.804553
23432,2211.914072
14099,179.296297
11403,118.563798
24199,958.326138
20600,575.905955
18075,4960.459280
12216,1592.369472
16741,535.490467
385,1931.768336
19236,1735.824140
24461,275.261387
18992,222.267083
23138,184.933646
13649,925.420057
193,10251.272480
20898,933.432468
19192,2291.674946
20374,2914.141315
21049,1984.831257
4253,151.499316
22339,656.380947
8720,627.497506
14376,224.342209
1818,2181.120898
10618,1633.183149
17179,1534.864437
1499,9250.645353
26839,252.709951
22103,1237.954751
8234,102.077532
19975,3721.996642
18806,296.483169
28240,1441.944016
26264,3060.940909
22501,1245.542018
12577,114.081143
6195,515.236488
7077,551.202074
17016,239.695884
27722,338.659149
21144,897.471490
21641,3722.970206
15282,73.692294
13101,149.127166
28226,9203.058747
3738,595.326327
17515,480.309538
9645,179.643679
1011,2494.157925
15089,190.094353
13073,150.453088
19771,726.834995
10584,309.071295
27059,141.056605
21017,961.787719
14185,380.397983
18041,717.497390
13005,695.865806
23118,1103.848762
13419,590.129549
11842,500.151508
17628,457.089043
5941,462.928455
4023,183.489359
13442,606.512008
21742,1256.349619
5621,172.907531
19292,2251.312734
22831,2059.524438
14500,350.670092
9725,186.157640
25868,684.302438
10395,2431.697608
23387,641.534297
11710,98.445582
10856,566.375205
1738,2811.844202
6343,1193.173987
26645,1606.963002
26666,987.686424
2748,290.089976
16920,329.331450
26473,2659.467904
20846,644.669308
14517,583.727813
12461,119.771239
20612,478.848363
18779,930.343248
12360,189.708755
7318,107.704630
5753,152.989867
3260,156.024510
4194,112.810439
24380,786.753865
18263,527.351981
10853,564.659525
19614,922.653818
1195,4850.899043
11047,1177.378527
5366,75.930994
26196,1108.521059
6605,323.265189
15024,94.607506
15279,545.946896
12873,241.234402
7990,257.903420
27323,2648.231138
18943,564.735662
13242,101.381590
1571,5260.202165
10751,213.355680
3608,81.620378
16616,256.352675
17420,2965.482677
14455,1573.619077
142,3252.869699
27836,41.402603
15907,156.754774
15516,118.792196
21088,1435.691756
12205,3361.000724
20513,690.250169
26150,1050.278487
24942,1296.856155
15706,250.299029
6351,400.551284
23818,715.181917
5372,135.124242
25316,173.572042
8300,420.230238
23816,1186.010784
2675,345.682900
18292,1123.515406
25282,322.972054
10304,294.503569
25033,192.159039
4568,1426.949614
7169,139.944792
8324,222.309210
4069,128.093488
14999,245.827622
1823,5029.669052
21929,3203.913892
22574,770.082289
2310,9536.019343
4839,471.593160
18984,1145.447146
1146,16311.119991
10434,203.380587
21583,2198.760438
11435,54.850874
17612,460.892768
19471,469.038878
8215,759.786982
14790,95.574023
27741,1734.796124
12949,154.785874
12237,199.584874
5507,367.187366
5594,385.180270
13960,83.190246
2319,12440.303794
26725,573.740350
21556,1676.400797
12082,134.246355
8,23946.048929
11778,464.910649
19010,3731.871753
24082,572.752999
23495,922.083803
12683,287.463726
16398,610.309211
15035,200.200499
6786,117.779171
9846,353.813698
18905,1122.854809
3778,134.614897
26550,5960.733927
27725,1500.431264
13948,110.595490
27895,346.659131
23039,1390.758731
9204,205.465352
13608,102.039543
16534,112.256001
13487,244.938398
22493,1235.354283
27902,2714.901988
28330,82.712812
21207,1393.210744
16593,512.111867
4193,91.837013
6966,103.812376
17837,467.815871
19867,2058.365689
7377,81.229664
308,889.348677
4729,107.469464
9590,312.946949
3518,101.882907
1900,5986.817982
13197,51.300293
28176,534.228905
2715,1704.475646
12788,145.966760
20274,2446.586208
2417,1232.501801
6735,154.666441
7145,285.764523
13808,187.480590
8418,352.029985
22922,1169.727986
4497,166.936130
3727,146.079362
11877,73.433803
23137,1080.048868
14348,2096.686775
9160,562.871448
27668,115.997517
13316,136.844787
18826,211.789787
24414,248.563380
18594,1020.527436
8942,185.483691
24515,9565.038562
22709,1538.923610
8261,670.577343
3296,344.263122
18259,1289.443809
10730,85.568764
6272,485.000258
22320,924.878202
8357,223.568774
20604,2182.549931
4666,606.869341
16284,374.138510
17578,1286.240439
23057,3304.776912
1046,5136.043820
14723,121.231218
19005,483.912642
6770,58.811720
776,18709.738289
25808,6187.659141
5445,229.902986
26009,205.799492
24466,1590.447508
6943,117.156198
867,2293.774722
19580,583.228808
24477,886.122941
24221,4162.542322
22059,2415.749593
14729,148.748598
12276,480.879152
26910,1069.084246
26313,310.395500
19529,2568.347885
7086,139.941451
14882,202.899040
3428,822.535267
28161,2347.020383
15029,239.237561
26106,1310.201652
14089,192.758058
26148,3962.806995
28118,2981.346004
1288,2479.306446
2219,2048.266059
22817,969.291757
13469,337.272044
898,5109.618142
21814,1181.759695
23715,2620.669287
27239,7997.803288
12877,241.760323
24333,1663.236966
5041,128.392917
26583,188.031435
2612,1742.398482
5336,131.627238
2503,5490.430574
21437,1108.413918
7008,667.654697
17370,581.668026
11874,106.214598
9614,240.725942
6404,160.469454
20840,2071.204394
1687,3012.622357
12843,657.530052
15742,397.840806
26510,4037.534426
7596,178.973086
1782,18188.204085
24811,1864.879439
8066,155.828787
19832,2297.314268
3432,320.492862
12326,182.360748
23269,1428.414717
18652,399.965688
4063,147.817521
2205,9680.032344
23624,863.041521
16985,322.791151
25893,2087.252311
10391,114.188425
24740,792.799939
15071,388.044469
24691,538.541389
9711,187.762149
14400,296.389218
7910,72.263783
253,1627.323675
28285,55.750004
900,3618.025838
20711,7339.851093
10253,94.409138
8659,754.717739
22446,893.546629
7580,567.713834
8540,63.738318
26021,809.236262
18042,349.395554
27495,4838.234841
15067,248.539734
26941,1038.750189
4383,160.942171
7459,814.938517
18154,1456.358017
19196,1119.996309
20503,7286.109603
21225,3705.721215
10942,160.094300
9862,149.461641
24849,418.313927
26911,405.183954
24023,394.908603
5049,232.292101
12025,732.992857
5987,517.299979
28669,372.418067
27266,4000.993443
23547,2445.319353
15007,237.945662
8973,103.527568
24196,4363.126207
19188,388.760495
4935,199.012457
25362,528.699466
12218,1535.091498
6814,191.745777
26630,130.508624
19407,1664.151206
13817,1861.745412
27592,522.393047
5423,111.044284
24786,2575.959997
7016,5999.843585
19136,766.262599
24504,1185.979945
15601,471.981704
8907,123.289051
15126,109.191279
21110,981.479442
15206,450.393816
18363,989.786752
4129,119.728161
23771,11802.052368
2201,20188.677091
17745,753.028162
5369,177.625813
17289,4635.652036
22547,1386.028374
9330,158.871435
5096,99.915481
24996,4375.178926
15478,1530.047779
5315,385.866082
17060,591.790417
4056,299.089714
19872,803.870801
19258,869.308644
19953,1095.988346
13696,144.388195
3348,311.848260
4688,125.332049
21640,1263.632568
24240,2884.345447
10403,371.911997
501,5787.287174
27703,218.029313
7843,1219.433300
26210,966.643544
17234,1794.504291
26467,7229.591332
18821,362.199137
16567,958.679910
9176,965.156415
752,2004.251918
21679,1455.848447
4283,136.735531
12406,174.117787
18774,838.485584
14858,353.126169
3492,139.766240
21752,2619.694076
16527,2824.674969
1120,4766.226610
8873,128.546124
27962,1080.596992
5853,72.392998
12958,307.314610
4228,106.321636
7015,611.493738
12486,110.254450
1198,3961.885282
15976,168.862745
21137,715.328859
925,7677.344368
20965,1941.460109
2513,32878.816172
11606,211.409159
13325,150.163401
18465,1126.234372
21035,881.979591
9843,536.347176
3043,369.434161
5573,2362.298783
28497,160.693956
14516,167.109719
5045,75.569814
6417,64.718111
623,4663.236218
4306,115.634467
22319,1222.707383
21979,15209.144866
4762,246.784142
19893,1301.594817
24748,1591.051099
28752,680.185497
2188,18192.203312
24624,662.637175
12092,313.535755
6341,170.337407
13807,151.371810
16041,312.688634
9644,362.085969
27028,949.351250
22958,4600.374426
27768,3655.387955
7300,122.843521
11648,382.977178
12235,675.561382
5085,232.541140
23914,179.638399
10628,223.699347
16689,354.288494
17215,2910.738828
9016,478.144916
24457,898.763860
27382,1125.281595
1253,18049.951658
5843,249.952861
23595,832.729957
28478,2112.347585
4562,128.418334
27258,900.478799
20330,668.255215
10446,333.910293
4104,122.275094
19220,492.740865
26918,328.681892
16955,240.314844
6835,322.136539
18809,361.605540
27409,130.276653
16007,226.706756
2735,130.744180
12640,93.676930
27688,10.718783
12808,556.665590
13307,380.905984
23421,4529.341882
2164,4465.092731
12159,98.490723
13525,221.955988
25800,4653.266341
10058,109.520326
20952,6134.136559
21615,1492.458083
26356,14444.831798
12912,424.828314
24271,1255.111471
23489,5144.094492
20621,1446.863184
8769,156.243824
7924,146.365892
25664,4648.249281
11153,525.771185
15451,888.357163
2908,114.381772
7704,276.866995
2035,17591.712552
27831,4507.195490
15308,410.695760
11831,181.502865
18985,348.042062
5627,181.926386
8870,202.767851
17274,279.551329
15935,190.035962
4827,119.271847
11296,89.496739
25507,153.501201
12590,146.101385
7994,152.451787
20521,4270.605844
23129,795.231117
14499,145.714912
2023,6799.984640
3579,305.425440
28746,251.034982
20897,3615.488960
23478,1028.062280
18626,917.151514
23689,947.151834
19130,1928.945833
23997,301.603290
28218,2148.798602
12538,148.202872
17191,838.195274
25109,1220.555318
20386,2434.120429
18969,1149.120646
1442,484.088794
28233,353.153658
26452,1710.133112
1666,1227.503814
17287,700.738991
10308,118.267274
13774,182.723580
4426,1760.916279
23264,1037.058770
25767,2549.689905
8575,2558.273542
19473,479.412851
2314,29391.004669
11660,633.061272
17995,638.502004
21237,4428.407050
89,1347.022594
4818,407.154084
165,3637.968575
4893,135.699201
59,1722.644787
5349,145.823712
17348,913.978903
17367,2418.179443
9435,99.749169
6237,276.663199
18063,450.214292
21091,7383.533945
23165,478.597329
7414,134.246455
23962,793.974896
25081,4047.460824
835,40820.193136
3662,87.904892
23221,351.314858
6964,108.703243
19239,1082.592566
4019,178.087704
15780,282.429396
23177,227.446511
10642,1095.409157
17390,1060.355775
24016,266.868444
4895,279.288193
25187,1915.234493
8394,65.570107
22138,797.517938
8022,95.627670
16342,897.359555
23150,498.840634
13142,106.340876
15509,806.130627
25766,1540.835352
21468,1699.818754
19937,1015.842826
13612,154.938185
24567,3581.704323
26939,2461.913771
1024,12752.789692
19684,435.323776
1917,7042.863491
24198,1322.289030
1663,2443.427531
28678,210.175067
20163,1208.976568
2751,126.847225
19366,5018.043331
22779,4433.924589
20281,621.142582
1597,910.461925
24116,10706.676717
287,2145.264071
11108,419.668522
18059,562.354641
13148,247.695820
18182,1301.594340
19848,497.784534
25181,2504.939947
20024,1313.304296
18637,3635.961260
1725,17813.262399
13615,621.053740
20551,3984.832844
21704,1222.181943
9356,133.444542
14401,361.178125
7468,535.208757
16810,326.335942
2338,47592.619761
22594,1328.508204
4698,137.705370
26671,6505.794945
4176,114.807742
21830,2563.473552
15607,109.383423
4556,203.068374
17976,1023.911419
16119,914.652015
9237,231.933285
27648,893.849648
22714,601.204886
15555,857.667142
22225,977.448902
22560,3236.188632
11063,1059.767716
22941,980.419763
17672,313.687791
7463,197.430954
23557,1508.382260
15114,50.299033
24566,141.321354
7365,203.741241
19402,639.854790
1209,3137.768009
7325,300.366967
662,11077.501109
16938,178.169461
19829,9160.750088
5770,180.023668
26174,196.558366
4530,339.627735
22522,2365.707277
24202,2855.201842
11621,338.305516
21528,1350.463583
9085,1340.080412
8014,530.115208
21426,2464.440690
8528,239.044695
18902,198.034600
7598,312.668400
11106,263.486280
11742,414.040865
10675,125.718425
12103,143.943596
25039,711.917789
20614,767.219658
15453,366.161757
5784,219.107448
304,6070.368200
5305,180.985801
7254,250.855201
12414,137.204916
166,1597.358214
19904,979.243536
22331,1910.072773
19465,430.051314
338,3413.909532
27685,660.159550
11709,116.271211
741,8045.161480
4338,192.459536
25979,156.635339
6511,260.484748
23678,1891.091436
12589,114.297974
13707,91.791217
20730,3207.210757
8061,72.961062
15785,398.669000
7905,265.745202
25227,1181.014047
7337,97.914233
21477,2152.022225
24643,2164.817075
2821,105.524957
1607,2982.895576
27661,1131.225615
25882,535.401572
4725,303.196301
1724,10337.178541
23596,1056.818799
3181,84.106752
16645,256.616582
4967,61.527260
14158,171.404029
27532,66.992980
18066,17490.372040
19958,2735.920049
23966,938.143853
13740,217.745238
17695,574.773016
16491,359.830309
13749,118.404916
26124,1219.382965
2988,98.747336
2231,3270.270023
24059,1457.592985
24212,1490.125608
19290,1048.874721
27970,639.720789
2142,1684.471605
26442,3466.958887
24859,403.021546
560,2613.666987
22006,1339.582294
13559,151.458548
4907,165.537183
388,6266.265370
6480,300.508981
1961,2119.200791
28016,3594.259463
10965,145.242034
13659,219.497814
3089,1432.723574
3063,489.225770
26616,1883.566918
396,2228.632995
3969,1131.892158
2860,169.806892
10803,459.104324
19017,2496.277752
21428,2784.106354
18381,302.025428
22506,1185.068827
7023,450.948834
4592,105.512922
608,2865.297073
14956,312.707246
15269,383.373331
4822,151.686053
1079,5524.353173
6307,565.636138
22358,1975.072281
11188,620.153710
22127,662.634329
13007,333.091556
12234,675.561382
7369,74.124700
286,5800.455431
9106,167.633828
12870,738.230959
7940,665.598556
12286,141.580240
21975,1898.942612
3328,201.959130
16753,572.361428
9066,85.929332
1800,5139.055997
1485,1157.198680
23687,749.117281
8139,140.863834
27868,7234.229897
7860,188.162180
20139,2156.779369
19924,1720.014326
28137,598.931072
22262,719.196541
28640,1860.153919
16841,254.733445
8632,146.915121
12187,931.160758
12520,99.208418
4238,119.326043
23947,967.860447
28318,1771.317505
15540,507.453232
1502,2090.221633
28270,241.500752
19656,701.963811
23037,449.256896
12725,85.267456
7207,268.273012
5686,169.450239
14598,256.082804
9166,303.916328
1189,2620.691256
351,2069.665237
15650,99.543787
19154,3539.926217
21105,3980.043759
26121,1223.390851
17023,298.123025
6382,177.032073
14453,121.263101
20570,2169.292127
19436,525.168971
22500,551.376692
18724,525.593386
13051,107.977629
17368,6510.361662
27317,1631.147273
21525,1256.608446
1656,3053.055594
5930,271.971109
21104,1137.005951
11157,210.903906
262,2056.571242
13498,394.943652
8848,583.018557
16370,347.228768
21936,1844.286538
2985,130.005029
28126,1613.385504
13577,1725.086146
6372,279.612266
1764,24579.743614
3973,329.153743
24301,589.847252
7585,143.533779
11730,149.314994
21498,909.434032
797,3428.534515
17634,307.528693
14378,463.375816
28342,161.255607
5327,107.835242
15432,163.149427
4102,186.844044
6271,156.744965
11114,245.246306
10126,170.110016
19445,1084.314782
16585,541.098547
28702,639.509132
23366,3027.614011
21264,3738.924912
11665,307.064410
19174,1365.694708
27817,154.986313
20926,1231.487587
14912,103.043131
19725,3172.101904
28303,1529.230648
11968,235.219521
23445,692.674282
28237,1410.878886
14495,210.012791
16246,1625.676609
3286,134.909420
16412,202.274428
1279,2628.826998
28142,1671.834603
26684,4141.983085
3049,166.071049
14349,757.271621
24211,707.803249
15311,493.266987
9307,149.877367
26743,3818.791631
20919,595.551270
13151,117.881990
10332,139.989580
14857,353.126169
28629,6503.621353
9093,203.217619
3311,80.398868
28292,107.269743
23974,134.067004
23234,223.963332
11755,730.386693
17434,887.244443
11359,241.083490
11401,148.996071
25562,304.390276
2606,6903.594010
10088,158.685624
10800,93.365935
3185,159.984782
25047,56.759585
7739,261.881265
5974,140.548470
26411,6132.351684
3802,142.275221
15736,169.152730
2519,14598.202562
11382,72.592611
875,2377.707694
7285,167.975586
8053,347.580303
11847,241.923425
27937,137.620668
25989,161.829056
26179,861.372300
13957,135.468279
20852,1605.016032
6353,220.230852
22991,1204.589319
20829,942.037464
14565,510.935689
5419,149.606802
1132,4003.953725
11372,102.587338
20273,2123.610424
6579,87.997967
22871,1762.655593
2336,1042.666763
12670,244.151499
18275,825.763688
5710,104.501607
18413,1836.552666
27751,198.447010
27156,302.982565
7267,182.880221
19264,1301.881490
12701,186.574178
11131,851.628086
22761,2848.055314
6807,139.441157
12889,357.984037
5451,810.834838
23347,937.287702
22938,387.721255
3381,70.904329
1969,7964.827337
16420,532.853204
7441,107.262753
21943,8827.614640
9208,1167.294897
9801,103.952414
14997,142.038880
21483,1648.120942
5438,384.933304
24902,722.202084
26073,82.642459
20048,465.970765
5074,353.515759
8957,153.401743
17197,734.803433
28761,418.592982
14822,113.771484
10637,190.880104
337,6177.844541
22830,576.652014
22335,2582.771170
21377,1549.371071
20083,11339.496258
12997,176.136785
411,1265.344610
11758,185.676187
22971,1000.680705
16219,1018.118361
3095,172.392489
19476,4144.633112
11156,468.572586
21961,2750.691403
242,1028.000981
23261,389.659737
19586,1058.830043
16565,235.295468
11364,301.592457
26761,4719.529063
20294,646.176991
22520,662.941276
2565,2288.987566
8354,390.728790
11567,427.818724
27527,131.282840
15147,1743.056243
17821,468.453229
22403,1628.711068
12632,132.893123
12287,141.580240
21501,1749.125552
9931,197.848412
23552,1804.792996
24524,5007.478081
25351,2491.336034
27955,3035.338817
433,26324.955990
28519,3672.807815
3571,614.524030
26957,694.556121
22361,1781.581604
23677,790.526492
9320,231.066259
23763,545.328813
18705,360.063682
12562,288.364068
16889,771.278518
11610,475.996460
6028,164.515398
15560,239.983042
26209,380.278251
12765,85.565154
13210,139.826249
11546,6142.457457
12340,171.576872
23767,382.811101
21790,365.261294
15106,188.409044
8150,122.013324
7944,549.941583
9786,155.740158
12197,986.778883
12317,89.574146
17599,336.903513
13684,410.320176
25853,885.701220
18546,676.827544
13788,142.375397
7727,105.744527
10744,200.424763
1470,26046.238716
434,10460.290273
4458,213.119211
24071,3546.540140
25534,488.738132
16467,1714.097244
22915,1493.556971
24160,315.726290
8624,116.338095
1933,17699.990531
9554,527.206537
28139,1045.847245
7718,104.626867
10042,1051.064898
22708,1538.923610
24318,4359.018768
25313,454.208746
25789,1324.986866
25394,1313.862612
21478,1508.030035
17339,848.589322
23640,236.034992
10432,62.935557
156,9937.456985
2937,152.296540
10367,376.766919
20022,843.836070
2518,14598.202562
5762,172.104702
22847,1133.451807
15782,1099.224498
20744,446.666578
13145,122.853974
3985,130.435399
16838,242.713377
25330,3105.774846
19568,352.232365
23301,400.788482
18842,379.287246
2402,5586.250515
2214,18550.573183
5750,171.823795
19240,542.778777
17828,348.257695
16600,290.109761
2124,8146.346737
24415,3605.683838
17583,1929.019611
14432,276.273097
13683,60.955781
3815,84.819500
4180,668.901806
16589,1695.412983
17511,687.170232
18243,275.212342
26172,856.121151
15495,245.952909
5596,100.989391
90,7922.577489
19263,2759.776502
3272,125.102030
1555,2376.467569
6370,218.263265
1983,1182.549216
4349,98.767823
10195,108.342116
15615,230.903545
19088,549.987243
11166,247.117048
27604,121.259361
13057,212.780157
7893,145.866848
4711,81.232922
1078,6604.072206
2583,11640.354722
6732,183.465061
18840,231.618531
18568,146.864235
15901,106.641768
15778,119.301479
2127,1027.569528
27654,2982.129753
15649,281.256963
16833,287.782033
27190,776.651794
14406,80.362882
20098,2919.501923
8697,87.413482
1631,1850.165534
7272,142.401379
7908,272.470135
12425,182.762349
8248,266.555762
1362,1358.655004
6477,173.103344
10138,87.036721
7232,110.637274
20498,1932.880983
19025,4027.076230
27216,2822.284283
2148,5354.231638
3227,144.459818
28183,737.414483
10997,104.216469
1533,6712.532128
6615,114.245681
10504,510.156905
25755,607.336924
23801,1038.047919
12571,124.970336
12603,195.765563
4041,182.484844
28088,1423.641705
2217,8947.074944
5062,100.958452
7500,847.413018
14931,215.394788
3008,116.005527
23952,1267.679594
20881,2498.902341
16728,205.542851
22961,628.610445
25342,94.710795
13475,710.708159
8583,412.456984
19506,1812.304879
3378,379.282023
1060,4506.805232
7466,722.965276
2781,132.154856
21283,3458.027422
19609,724.350803
12043,236.442435
9978,932.724163
7963,633.218370
5476,102.870792
10364,216.089955
22484,2031.068380
1701,14860.809109
8437,224.032951
11100,141.423621
23040,1070.058901
7001,141.804670
4744,220.197952
14855,103.009654
22362,2399.105487
10114,107.350766
15820,167.130098
23983,467.296938
1405,8436.291465
17777,1171.256178
16599,864.016759
1848,7900.229777
22306,542.836436
16459,3619.421346
26339,78.587633
8455,300.034803
4569,105.755890
24480,977.684157
21044,629.557488
15046,273.318196
9781,308.753691
5242,104.194437
3530,206.403744
12891,529.094141
732,1211.338597
3503,143.324277
9615,622.102879
23693,921.185450
4307,102.815385
26372,2547.597392
23832,684.094432
14342,407.361145
22435,2575.135889
19163,1474.758640
16908,179.448958
6996,113.373044
5268,169.463366
5908,264.250859
25790,1563.942454
18864,360.751010
10722,137.078138
12232,1451.832245
9998,369.538263
9731,181.741558
19147,2296.858618
4546,712.685047
9625,169.769473
4723,133.610743
28531,1345.412488
10300,154.038027
27225,7921.444318
10010,281.197457
25306,57.822811
14102,252.065675
6166,128.282368
18744,226.604037
15371,439.060965
15180,591.790430
13953,175.371427
2913,63.916066
20524,876.536690
24514,2474.798613
27467,2635.426130
7750,135.804106
7641,178.157718
15439,756.309070
23719,3340.396987
11397,364.551859
21241,6967.994817
21823,3376.580571
19032,4072.944003
2088,6347.827943
27217,749.608371
5537,152.675143
11777,79.514249
17561,418.813102
7266,116.453355
6508,80.310712
26237,678.239371
21795,889.274460
16254,837.954729
23304,252.991213
24712,137.706655
9944,304.762327
11263,127.445913
24386,835.318613
897,5913.878921
18745,376.493143
136,10043.550162
10512,385.276487
10807,235.169121
9081,357.422368
14967,226.592493
7163,231.016917
8757,111.306225
22243,281.542648
9932,94.668744
405,2830.271508
24372,2899.297757
3547,545.711454
11800,505.588437
11013,837.970516
7097,145.428754
27778,140.716233
22540,687.350292
26954,1392.470642
15634,85.204370
2900,208.333707
13843,1086.239990
19434,622.853214
25329,71.751136
6275,820.318687
27925,60.983745
20160,5204.371952
5798,173.777579
13486,152.353032
7642,456.029266
12991,303.272762
20080,1721.394498
16309,938.534502
1781,13073.632167
26677,5875.182164
28471,314.172797
3254,210.178268
10193,112.975331
2680,508.660343
21534,476.948977
7450,3982.525834
10333,63.248266
28275,5613.455103
25398,3130.375272
23373,1568.293859
5459,90.673670
17755,1172.351919
13782,128.566899
1473,2543.190081
20436,6015.898066
26617,82.617579
10064,574.881964
16480,959.824143
26377,1414.364791
18279,1194.867706
4790,1032.394332
18593,275.636235
27285,2929.385066
8816,332.545825
15931,665.198313
9989,783.706077
10150,182.002870
14159,251.752239
7437,217.015120
28083,820.432154
12819,175.938330
25022,1025.410780
2326,2671.097520
26399,2704.226984
11773,148.518880
25344,412.901049
2752,212.826691
24403,542.247221
921,12035.203316
24854,390.424353
10539,278.693114
860,1186.161176
3011,104.562675
8512,110.607168
16704,897.049027
21327,7325.392514
24587,342.798112
5138,4066.807421
4442,203.634707
6240,151.809431
11629,799.792569
6428,103.324688
1951,1085.317975
18796,486.134907
17812,1177.617676
27628,242.327607
15414,691.558890
24824,469.273512
7336,72.205409
17494,1075.000444
25295,9215.177931
11076,181.866187
15264,530.975474
17813,1653.814952
23628,488.964130
11031,470.220196
12718,358.614107
27634,5541.067359
27082,3184.847719
23540,1047.935638
14363,112.424392
16394,1277.058417
23627,2431.823037
16655,465.919780
4343,79.423658
17307,1409.630311
4650,109.634209
16763,1294.052550
10888,148.305385
17963,437.303692
23164,937.417050
7555,232.963677
7439,120.968939
17147,301.397427
16337,252.911867
1994,5199.891462
17819,520.427262
21064,644.116335
13467,327.479339
21276,986.009733
16378,717.466623
20053,586.075494
11940,249.117249
1122,9582.532373
27194,261.526687
8008,180.743461
26038,7551.266862
8132,93.338715
11211,133.082774
17450,641.182847
10516,139.425219
4743,220.197952
5884,81.915985
22997,481.667696
3928,185.588517
18539,491.351040
26340,24172.197010
27509,4710.395132
6168,148.707919
23708,1113.164381
22948,4249.433723
10257,53.071372
26834,1956.742786
14164,187.961861
5663,215.837867
8278,265.199355
3981,136.745848
4014,353.068993
27587,361.396651
12363,661.273266
11936,120.597645
10152,147.191409
22736,866.304078
11451,107.343909
663,5969.425622
16992,253.320580
7853,165.226674
7442,56.657507
15811,152.550100
12268,1666.707207
14567,168.395997
3192,212.769079
25122,237.217758
8505,132.085481
9282,279.526585
16583,247.232429
3468,261.051300
11205,212.393166
21208,2584.291170
6298,382.285252
21846,3200.525365
10515,224.278540
14241,1835.438740
75,1232.743534
25490,999.013839
2468,2404.364636
21532,1992.454823
2007,6978.768099
22989,194.559246
18319,428.717082
3050,129.347366
26260,4382.262839
12573,170.015365
18968,950.528036
1126,21613.971587
18942,478.100549
3827,802.825018
24910,2283.519777
20986,757.339178
16379,874.862477
5516,400.080070
15612,6322.754762
14606,244.802614
25796,1287.964614
4712,114.442471
7101,228.579333
23042,1164.093787
17775,10993.256472
21776,1041.581364
26043,1335.548760
4018,157.944126
5644,88.898433
15638,169.378529
25212,270.008338
1659,6713.493870
9207,177.939924
13063,96.486455
16673,534.479575
15179,1989.863389
8421,143.453023
16207,5200.567137
17395,593.230399
22347,1653.583658
14560,126.485682
13273,83.536391
26731,3944.642053
20592,3872.940943
5183,198.021134
10037,158.967405
1732,6606.358073
22131,5078.137345
17193,2065.125940
6032,184.221823
2863,252.966550
8899,132.659837
4401,88.396433
5819,127.106976
1843,2249.912262
6080,115.422333
10261,134.977549
26478,4612.079063
6587,115.575661
12419,145.278353
2022,9369.151088
27552,976.734202
5392,66.039146
25586,147.582317
21560,624.049913
12757,68.810275
17832,293.712825
8814,340.273316
10733,792.333787
23339,865.298348
3401,106.618825
52,2721.233465
16356,319.520911
16682,329.407933
27379,308.527567
4602,105.899811
9194,329.156516
14414,213.167404
17560,10369.973633
26825,69.427008
28580,272.134984
22421,425.905889
3841,420.292881
1692,26264.194790
15940,189.955526
14385,246.738674
86,3072.650367
4749,308.474403
696,11971.784523
28636,562.072996
3654,106.739577
17931,303.517164
8417,109.591730
400,2109.843002
15091,321.815254
8487,145.758505
21536,1150.408507
11872,177.016493
11625,218.109188
17564,1117.121355
18385,4450.945079
8926,1283.107377
2579,6936.290344
11860,363.517111
21294,5961.673472
27994,10412.721964
4628,593.905047
10681,127.524912
28277,9505.104598
14352,346.365485
7344,91.145465
9432,125.042801
8779,138.250409
16037,274.836726
105,2652.938724
6494,95.282581
2429,3660.736249
11215,108.398407
5361,124.374393
19751,1210.937063
13294,105.801534
8515,225.906900
13076,155.202128
13296,336.252733
2531,32134.042514
3027,214.576526
6431,147.155463
1760,3334.260320
692,12959.982675
13628,138.862396
21493,1535.611344
23718,579.561095
12524,133.576556
16468,4727.547137
26251,2843.344686
17276,279.551329
16582,1046.188950
6310,264.859637
5520,131.456262
18579,485.341145
6202,138.438616
14663,1763.319270
28140,313.827483
5631,115.345241
19090,2107.118150
28509,1102.818727
19415,1254.504677
2812,138.215192
11234,129.938044
13616,109.421092
28020,2659.084496
24061,1475.373865
18120,2264.633627
8997,757.090766
25613,66.809514
21894,1217.196975
5923,893.261280
17008,723.729409
14622,193.035031
19058,655.692889
2876,70.455330
14985,397.815512
7020,283.558072
23834,571.516707
15203,2519.672357
10493,397.998853
4690,117.080453
16887,319.247260
9239,44.885717
27557,978.796060
13965,191.821222
4150,115.709797
1191,1166.250989
23394,6900.751787
12645,310.775218
370,11343.658500
15915,832.990892
18173,1850.084331
17216,1873.836166
15988,223.723710
1650,4079.608756
16658,305.880503
2750,238.030293
2244,4878.581647
3017,73.651854
26560,4514.017461
1633,27597.347948
6040,168.103035
8567,1805.759357
7071,256.376045
15590,198.752318
24028,437.804550
22675,1115.984571
1585,3035.270853
4563,52.382647
15587,1066.932873
22042,1499.237535
4777,105.881268
13308,124.573873
11231,242.175287
2607,7070.789668
7433,79.516264
22698,1376.679787
4246,128.883683
8956,238.265522
1067,3016.584633
16554,663.773162
28005,13271.416470
8381,45.428376
28070,8910.561123
7717,1156.843576
9923,120.082132
21281,2109.013991
21305,1077.773773
13406,43.930458
18274,605.286539
15284,502.244636
20940,4490.689526
5985,198.006072
21143,784.265229
3091,355.922922
17690,289.774452
21296,4499.260472
1134,6930.002448
15260,760.510874
20482,3207.298615
8703,339.380129
12919,477.845104
25744,2285.635267
25563,227.463249
24040,530.403922
1638,6678.460763
28062,514.241872
17400,702.274691
18585,485.747190
24525,265.349575
1608,2982.895576
3931,75.903885
5889,166.792693
1240,13106.727614
10294,298.858514
5629,438.079760
26571,794.802654
4294,123.379391
2743,108.539211
383,919.687717
8549,106.068016
25058,994.027844
14077,222.433590
19594,748.877373
10399,131.614246
19654,549.497739
27610,2562.369039
4721,138.550532
21809,1101.967508
18214,464.644760
11552,552.372341
6332,144.677450
17394,533.200600
21671,617.952470
9095,4565.793915
17791,8360.523372
17261,1322.628711
24983,993.797624
1339,20901.749163
226,1005.490742
5585,349.541202
28503,837.584724
15419,499.464416
25235,2674.019491
23293,233.685884
12522,122.816351
491,4134.342285
17949,351.953027
22437,2592.178900
8577,2468.346077
8182,485.213224
16563,275.398387
18062,233.237847
3277,284.648288
17480,1361.955148
26848,238.813219
1381,4373.204576
21632,1299.327707
26591,2548.343858
11512,125.734401
20345,741.831424
4713,112.763209
2553,5213.667300
25442,224.393854
8273,280.656562
22425,571.690346
26851,1263.368481
25753,855.284896
12167,227.678145
1329,13699.713647
8137,144.978622
24262,746.668956
20850,1979.349490
5999,185.744180
8663,14146.612615
12321,372.400128
24906,4565.183168
10429,115.212471
19693,734.474587
7346,82.702630
19884,18419.436025
11722,264.648488
2771,204.454868
6821,75.346623
8059,110.744294
2475,9702.295876
25100,1019.572764
7636,96.427809
15475,398.186008
1190,1340.252812
21678,1134.951842
27476,803.738612
4667,105.785192
23573,5007.343248
375,4557.277362
19482,464.295198
23896,490.577870
5265,463.282508
7927,197.313191
20928,1014.407638
307,4845.648635
17236,901.731476
1243,6689.291418
17635,909.532014
15757,89.500840
24227,289.140466
28216,3077.355579
7200,151.377410
8939,118.136783
17936,451.120889
21594,4910.573970
18912,1702.287571
2274,8332.490782
12382,123.831746
26341,23943.572945
5095,292.042123
26892,591.084661
25419,216.192747
125,2456.079915
4042,168.004288
13189,137.380589
17451,510.482583
22827,945.150349
12921,420.479253
26552,10060.811969
28732,11742.974594
17069,246.609420
3776,115.370452
3595,332.119150
8147,264.365274
7465,2779.556837
24008,160.596931
16329,777.849582
23965,1111.382187
15208,924.012671
2271,1090.376188
6926,377.752396
4231,163.899379
14909,129.604226
20334,643.416483
6950,152.448432
10841,158.528694
25901,221.570047
10025,173.592158
14528,131.205133
5797,128.254233
22756,1525.039217
14917,333.596070
6116,154.041523
6789,148.746175
1278,2628.826998
26695,429.590357
12295,214.523965
10509,179.138341
6448,79.878980
13392,196.846730
2481,9390.634000
10475,791.417655
18291,412.031389
2167,2513.389615
1337,5988.188733
16011,128.007175
22630,1081.944156
28286,486.705783
7121,289.010531
24678,324.095484
8770,731.085884
22157,814.725849
23511,1190.706968
16719,654.845455
1297,1375.715978
5570,471.190033
26453,4606.086699
9209,250.187735
26609,815.527567
4508,101.255288
18146,357.061213
6643,1304.559791
21535,677.152664
14593,183.738347
25327,1146.919691
14402,305.548941
21148,5782.733983
16614,485.047856
10461,621.490189
22250,2264.507933
2026,6126.916220
26846,65.994449
21156,7432.779619
1838,7159.696028
25379,198.110662
247,4029.122525
8263,1664.654916
7430,188.765679
8249,556.755544
23584,2262.483040
17432,954.892000
19552,6014.107478
670,14654.150294
21289,2462.866026
7142,414.114541
16621,569.928761
17068,221.618313
19626,4224.215414
8649,1286.491112
20867,638.605573
23053,970.388664
18159,9008.410600
13915,142.982822
27583,753.379676
25402,1337.623668
23011,4284.005141
10772,171.045895
7233,1303.925532
9135,908.956797
9483,114.912382
6764,314.235527
23791,750.587636
26502,7155.896113
1658,1458.556997
20385,2434.120429
6383,450.717764
1860,3593.363723
8330,1102.746992
27058,1105.483928
22272,3661.757487
3237,140.571678
19305,1316.551383
4236,124.624157
19708,4805.654436
10185,454.468975
24785,287.722752
26794,226.573343
14998,245.827622
4441,244.684539
3521,186.225278
7958,112.213270
21996,3766.042442
23087,331.072197
3600,219.686667
26472,2320.668244
11856,129.044103
27253,732.554834
12713,177.802057
22310,2467.352094
9248,453.811431
9133,1269.669504
3903,256.084755
1438,1652.269446
21485,2104.560178
3214,425.067023
23316,412.664635
14752,117.508756
26621,964.668494
7640,95.924532
3423,219.907292
24926,4657.194279
21541,11375.594817
1596,7969.763647
431,8933.003020
3475,120.870713
4741,78.736007
14903,126.622890
13690,286.487459
17905,253.091317
17647,217.853128
4172,624.389002
27896,944.915657
4740,279.365446
3224,280.413919
8702,74.144342
2758,189.773925
12581,1274.185646
15370,349.657012
1955,3519.576515
12046,1402.001139
16575,403.457373
6667,630.489870
23794,594.695343
25466,92.081819
8527,94.879102
9109,265.970890
13987,92.066579
11889,1893.064403
931,13754.303605
5803,180.674310
12242,322.226703
27603,322.745721
3037,158.704682
26276,659.860501
21429,925.367870
6109,147.985279
3560,260.796575
12347,260.312651
1418,4204.863776
6490,227.674877
10105,136.714033
9980,504.689625
15344,450.552400
18018,299.364583
12720,150.703835
28192,2813.989321
6256,129.482565
15826,173.562120
15102,388.979758
21775,1335.807774
19341,1094.447572
21773,2186.341635
15064,152.475867
14156,58.083419
16661,395.200257
5280,160.484161
23819,997.824202
25085,3380.145577
11523,264.188807
10544,220.162759
25596,6384.800391
25570,221.149864
24757,255.281075
16954,262.408646
18856,353.869687
2272,729.786287
13864,325.159635
24875,2039.728263
12748,97.613550
3944,182.307829
10310,87.527607
24340,1151.499109
15546,321.946953
14202,394.936409
5761,124.810822
26218,3625.342303
28453,1457.496786
3932,102.256258
7873,149.310597
7842,1219.433300
9422,81.628962
8918,130.616784
11028,488.596355
7714,85.391253
8018,755.124595
18950,633.892780
28128,1124.714192
4195,180.430723
24790,221.818190
28611,6456.349182
130,1094.098270
3142,121.003880
5630,60.143203
4730,146.821194
3055,100.778880
926,10688.268354
9359,174.807768
26737,510.810171
14746,142.233978
3540,133.598916
20342,2467.755546
23084,814.572318
21926,14650.276405
24079,359.978054
27517,693.370041
24493,1377.404178
10729,322.323190
24390,2619.263590
28747,204.679066
492,8668.403488
21279,2764.169242
4663,905.984589
806,1705.630178
11958,125.272836
16720,654.845455
13364,323.588720
28234,427.248190
25597,7746.998133
3061,217.124080
24900,576.637944
12662,107.779747
15216,269.733611
6,13534.714595
12656,116.271627
5566,161.267438
830,2364.603322
22044,2712.339809
14580,377.215679
5768,171.045484
22395,1260.426143
19645,1830.489536
25509,2177.481872
14587,1066.725218
28203,5811.911258
3439,193.069692
14314,1781.757532
14823,111.121230
17972,2618.711886
22371,2475.722155
14694,179.037112
25408,69.477424
9885,131.795963
24945,471.489142
4540,159.317425
14054,144.947324
20624,835.894251
3396,307.236924
8887,72.626059
1574,3940.673960
22791,491.407396
6676,171.540269
16959,334.634055
25845,1371.001710
20929,1202.258916
20756,1332.514170
9802,108.201856
8833,73.111363
15494,521.387791
17388,411.253538
1169,10310.050590
17086,227.976194
544,3414.227207
10904,176.395896
3172,228.676104
2564,2288.987566
1715,2856.132646
13793,210.868186
4622,147.853503
7265,238.159256
4502,116.210828
15138,97.265999
4799,318.435694
22082,2654.586154
6304,430.627973
4499,1345.766950
9485,81.237290
14904,315.476091
2138,7041.443474
1202,2361.803666
24287,1177.037631
18765,159.770086
15518,920.235890
11729,140.469972
13017,146.776230
25812,742.432052
20557,934.765703
12073,100.411121
12157,151.680706
14979,159.733244
6627,544.079559
28782,71.059395
25092,349.781452
6742,384.315461
11118,1124.136834
1117,5190.608031
5897,385.871945
16266,2940.238095
10561,1445.982000
17150,1700.293110
27683,163.357913
21587,2375.797890
8948,126.915963
19167,2159.767603
25179,504.888112
10731,120.851698
20736,1898.509591
6289,617.661748
16968,431.438082
14551,3213.440620
25151,856.069421
6891,137.855982
6512,132.830403
24049,477.389857
1988,8705.046850
11967,36.647630
1914,2195.337573
17863,253.087699
23123,890.868508
6884,71.854934
22218,930.204504
24297,2218.879122
1281,5780.100893
2098,12880.112639
27633,35.855594
11873,98.823209
20666,3440.601085
4361,120.253210
8062,106.060017
15051,200.961462
17712,149.914756
11322,189.922591
21610,4719.633289
8736,140.119860
24265,299.942170
24791,779.404301
11979,298.507324
9303,120.067612
27764,5009.811319
21884,846.394054
27686,28.600573
1888,10876.035859
27839,1020.150118
22203,994.445273
1475,3667.530894
12957,218.155820
26076,239.549230
11598,305.695944
25732,263.739888
20357,768.233601
24488,842.169724
23443,2299.850471
4867,268.406709
28654,1109.093593
8941,86.349330
27415,13848.123103
23651,628.260070
24048,750.245523
9001,6873.776551
5553,307.819635
23346,554.801669
3926,117.165523
25537,747.213234
2722,242.765949
8775,92.386145
18048,750.897051
15998,658.951451
23532,550.803042
8168,2791.202845
879,20387.077610
10900,499.249397
11545,1410.574007
14095,520.169916
28729,759.313478
27804,122.206038
12812,1482.802364
3383,69.379417
27044,2516.115495
6973,140.273506
3133,221.240622
1004,3270.417426
20659,1314.180049
5504,1170.793651
2447,26403.981060
27089,182.519536
28122,967.442055
6156,268.108758
5389,88.967905
24001,456.305679
8005,476.240847
13775,203.178882
4718,358.823120
5061,354.118530
18395,478.175052
21530,815.388014
2432,1934.882192
27086,690.268218
6862,81.845796
23517,6729.666912
7012,498.145453
19793,1492.239832
22311,1782.447768
7223,243.611582
19623,916.728110
24161,5977.428363
4277,113.105616
6580,127.867145
5089,92.771544
16825,776.148744
2765,874.663902
24402,460.641419
7047,242.962560
21210,3011.377078
25308,1677.258201
6562,68.720726
5278,118.206594
3052,104.101963
3760,258.618925
21200,7380.252277
5673,399.104617
8675,106.388999
25186,2094.768819
7294,132.625389
22155,5349.099584
4487,154.731459
20286,924.042315
9099,1858.170337
25172,1050.954496
11913,152.035010
25209,5243.578902
25878,289.082771
417,2883.892048
1143,4180.674045
27593,1501.071762
11469,120.923933
18080,16893.802250
2933,146.135099
5001,274.899326
27753,3278.136213
25671,1065.189875
12876,2373.506104
3152,410.285359
25724,950.797374
24738,38.598015
2907,92.692988
8333,100.914367
4997,227.480606
27680,2654.497474
3148,138.032932
1184,6296.452819
18987,382.364215
15658,829.090201
2100,12880.112639
21860,3500.300719
647,8621.767052
12798,1666.692103
4472,239.135473
9556,499.003118
18233,5936.065742
2957,89.601675
28666,657.661761
10047,123.427454
288,5036.264979
21546,748.300657
7733,118.154358
28222,1802.639632
11069,1066.887439
10388,175.392628
27851,1063.464976
24384,173.717700
7158,214.467734
5148,346.984661
26637,5008.723843
25312,123.804439
3555,434.113860
14045,217.850773
4296,123.379391
18791,598.401445
8177,1424.677591
16271,1374.412024
6177,137.869509
18974,272.071243
24919,839.332080
15155,714.901904
27238,9283.312761
2627,15854.364625
27308,456.036158
7416,96.657969
7966,185.632422
5094,116.219291
20750,724.910620
15374,499.311137
5845,101.632808
28131,4926.014087
13762,468.138874
11144,208.422652
20354,1141.461927
6938,415.625767
26927,443.484734
14139,175.892764
962,1587.042649
28390,2162.860277
23774,4282.480008
4630,113.745146
27254,2348.642753
27403,988.487732
24112,853.091371
26269,272.592603
9629,1281.495561
25650,848.669275
6838,248.643773
24761,565.403419
14976,106.950988
17371,720.435436
20414,520.182850
14126,224.409873
21424,951.135008
4950,123.095214
11655,231.736496
14030,567.782924
3764,97.497807
17549,806.129874
13858,323.131419
14322,1358.186042
4250,120.936694
26798,1106.531061
11539,1313.290110
9062,539.936119
4909,170.235320
14695,267.711614
27920,3518.902733
21944,1866.902749
25572,1803.684306
21721,758.847690
23869,122.844061
3884,77.172905
13757,1375.044831
10234,107.785372
26716,1156.889290
11286,179.665370
22077,4999.278641
10951,125.225162
15916,200.701384
7974,906.630615
24345,235.449061
315,16624.011305
3728,820.698519
26049,500.651954
28092,1715.496838
14143,234.392185
2270,1426.145499
22084,4609.637565
28641,6463.749973
6050,432.366291
1487,3760.598579
20542,2263.348029
20857,574.345833
19525,465.271736
28596,1000.039621
11844,107.792752
10811,92.826248
19799,1541.477579
26220,160.815015
27237,5400.956517
5102,109.897358
5418,149.606802
13613,277.144121
16308,5118.637919
589,6430.456418
19400,343.980435
3896,256.615678
25784,3502.302855
5730,181.541359
20948,2502.563569
3359,310.005641
17029,434.231777
13257,123.089683
18456,7346.343978
23128,108.854818
15962,56.466868
17787,545.039147
14923,160.253848
17379,2515.538811
12354,111.065191
23368,2902.777856
502,5787.287174
12387,114.268332
5588,304.394680
14571,129.363919
13347,92.957599
7814,674.702406
23258,350.288638
23369,1225.031834
19444,700.508483
21043,1053.645885
2623,1623.462337
27574,3090.010621
6499,103.551183
4854,276.009782
2414,7858.047776
25363,1051.636907
23735,3237.750651
20639,1948.918795
13179,772.974292
7857,109.993472
21164,4071.970296
20122,531.214860
19008,298.465328
6521,71.446727
5158,204.414122
7096,243.263640
24618,2309.655712
27325,1446.648018
6839,156.431268
15969,1326.468726
11801,106.191721
17448,549.062968
10069,294.316508
11862,115.358924
27562,852.428312
2125,5393.819814
19501,1886.078623
26283,470.241677
11854,674.315723
6292,241.125006
25007,1881.738838
3478,232.022856
12786,149.061359
5277,153.671794
22550,1758.021860
17347,4286.020287
14290,397.543604
9570,188.909897
28632,2556.630106
254,4353.595038
15362,617.042256
11928,265.046210
12972,216.244125
23505,6415.305978
12593,147.242821
7656,120.209271
15098,294.600301
15657,96.638274
1812,8320.437186
16942,220.789009
24110,496.836532
22885,288.390395
23513,2867.609955
16150,3546.958988
3873,345.516183
22581,698.509202
26358,9101.792557
3310,167.721582
28690,1675.609271
10098,278.134847
6830,131.973676
2020,12947.274919
25219,1422.495775
20683,1350.893864
1409,5461.656725
21350,1315.776002
6510,117.421379
16544,3578.054670
25425,188.951482
10448,506.998640
5287,138.757652
4428,2720.215131
6538,46.309890
17948,192.000305
14014,799.360982
9870,68.755766
17541,526.721944
17317,932.936538
26556,1325.540685
19679,652.302281
5813,141.902817
22428,360.590892
27064,509.871048
5551,175.415276
6628,544.079559
13083,330.815578
3202,252.948498
27351,931.272974
18783,348.973337
9492,107.493114
26707,1207.215286
26306,3127.837182
11024,488.118024
4991,138.637070
19530,534.084426
11351,267.165087
28463,661.174588
460,8050.448831
27149,3318.996810
1524,4599.946817
10524,1323.436269
16951,217.429613
2850,410.940693
19955,1141.862191
461,3417.983350
25216,41.618486
25025,2435.142764
14422,2182.060282
20915,529.462630
7845,194.138066
21063,1010.909741
11183,1777.585164
9338,172.903996
18600,1439.678379
2464,6668.365696
25296,113.259355
23734,2808.737333
25205,2897.053042
27613,754.979095
22423,1717.551649
12011,156.450961
8352,377.049716
17143,2055.165269
705,1108.024901
8817,43.093049
10142,178.800313
24687,429.731924
6254,198.209345
21799,865.499195
8718,75.731105
15186,4321.093076
25955,2100.558986
7823,352.781739
5681,107.125591
28204,4231.336508
18288,587.976074
3807,273.248827
93,1254.573349
261,8132.591638
28282,3812.807930
21746,7841.230032
3126,583.306094
9247,109.369931
1872,5071.664570
5455,136.290808
18517,250.365051
16795,791.967344
23922,698.524664
14819,293.910097
24763,1008.073660
19203,1948.053460
18344,1566.493654
28685,12734.805476
17631,260.786433
26322,542.350234
11291,424.167704
17245,6240.965394
25222,1461.183574
17831,366.583945
11974,1332.254943
9734,660.590894
25393,484.734151
17196,984.077890
8565,3117.459083
26347,16098.722474
26632,5926.031316
8758,505.515796
12059,324.543574
7607,1276.343819
16097,120.674273
19296,1208.975030
28489,821.156985
24813,293.792365
14107,278.536378
7111,256.765794
19087,506.624384
27533,516.197149
17300,925.122852
4345,183.469774
6199,90.839687
20901,4064.770182
6071,120.821213
4899,408.981815
12554,613.047255
16791,303.359034
3034,255.877280
9348,120.573022
12199,1725.195111
7206,1194.136404
11470,124.794742
4850,188.038129
6827,198.061419
3075,1221.709354
14743,473.405147
15393,178.048860
20456,5048.318385
13743,129.184869
5080,126.787963
6634,7422.353896
2418,3117.936194
20319,1810.446272
6315,165.991033
2357,17286.045931
2924,124.467206
5356,123.184619
13972,464.047563
18606,194.247031
10689,973.192678
8033,419.373761
22622,740.518178
7039,174.829859
27891,238.275548
2939,115.411562
25881,1299.426997
20573,2506.791268
11224,117.004087
12127,302.292763
17441,1244.086231
9449,98.926505
6867,106.951210
7287,116.908427
23182,2160.189009
25936,1770.513932
7395,90.244943
17870,330.019927
10735,87.122044
22322,7600.249014
15588,266.215230
7252,146.826229
23743,188.066806
15738,152.567591
5083,394.135191
21163,3320.150950
2814,115.402304
2187,18192.203312
23036,973.703266
26708,110.053122
21920,1831.726393
2295,14597.734754
12450,860.967750
20655,2766.467255
20994,2055.310400
24373,2825.181591
16280,1065.255318
5306,171.004817
8865,331.235488
26563,1630.454124
15416,202.704254
1154,6913.612979
15924,365.551524
18106,2652.923988
24529,684.971651
7438,123.550401
17320,3389.071698
13702,160.300005
7602,2081.260948
7487,258.625549
8936,92.183719
9713,78.605668
25626,221.330817
7193,105.446423
4731,283.766098
12125,138.603036
28460,3335.794319
6870,184.393451
24226,7290.237882
10902,213.751954
11018,2462.615239
1540,6703.714449
4613,213.179995
24232,842.596790
12759,466.082442
20154,863.582163
2935,252.592615
2302,19374.399616
703,20620.218072
16109,38587.801359
25714,807.319147
1131,4148.752312
28078,240.918464
19071,1701.070204
21785,2705.850155
12821,767.507704
21763,5416.629482
14307,936.848028
1884,9773.893239
23484,11967.488797
5425,181.605516
17417,749.830404
8966,123.376862
25444,163.939336
22120,2316.992758
24707,2285.769465
6808,134.342450
9185,153.137282
6395,1579.392084
25734,644.497735
12070,104.608957
1523,4034.543465
15220,305.151599
5894,284.799817
21003,527.511738
17994,188.686319
13637,145.437315
27411,1388.095559
17149,1064.766387
7856,330.710079
20304,1452.113651
21948,1811.540466
26231,601.926565
27063,442.667691
24192,1448.951001
4798,236.020174
27909,7096.954989
11389,183.742104
15221,1273.083118
24180,2849.402750
22694,3095.674901
26202,87.029204
18421,3229.922427
5572,238.578308
22086,957.101060
12399,108.772222
23049,327.757791
12038,291.481630
6368,141.344703
20417,81.087124
1236,16180.541324
16335,178.878929
17121,2731.353519
1148,4937.596297
14452,150.330467
6955,147.585233
15846,405.997313
24548,239.456575
26746,383.397656
13591,946.007713
11883,99.970851
27404,1516.080125
25440,1018.113549
10136,96.552384
18427,2477.779832
26778,4024.769868
9144,97.300746
5337,116.852871
11064,255.279489
20966,7673.390025
9196,256.859765
26515,2899.020689
1074,7311.883725
15167,1285.203679
3870,185.510742
12000,91.411497
5694,91.153390
252,3369.540844
3450,137.412360
19160,389.213545
1851,7575.544180
6131,610.485070
10424,272.935758
5575,136.901357
19503,862.659285
25356,201.971250
25128,9063.843787
319,1206.767912
17,5323.610693
4259,147.900434
18516,203.044602
22263,2710.558854
2893,221.233140
15544,366.908388
8067,110.610100
6189,315.729743
18114,4793.756292
778,4942.396924
28224,2544.807824
5639,409.466437
25435,470.484365
9789,82.309039
23510,957.469603
4211,221.290799
3068,2090.189467
4871,536.152019
11824,162.975372
2024,8213.163072
6301,544.202966
21928,3997.279367
6975,140.273506
7455,307.475949
24328,4246.642118
24923,2843.356182
6063,152.584421
1324,10114.794168
6309,565.636138
3323,142.556444
11358,64.139784
22053,1489.962203
5592,174.234887
15176,3994.652214
24267,579.017986
10854,589.272542
16156,2603.542502
7690,103.613005
11420,155.083923
2990,102.857565
19455,614.279887
3626,103.121356
28633,1400.676843
3374,191.446075
804,2201.269901
1069,21912.306417
9335,1058.158304
2543,1877.679373
18346,415.486386
27263,1234.188512
24308,408.186448
27162,794.770522
10203,112.797109
7918,1449.427102
18655,397.099888
28406,70.761442
18502,1352.149907
11680,182.880871
1241,12325.935612
16984,474.827315
22774,1209.708082
469,4372.020761
15984,121.325047
28261,3176.988199
12744,202.446577
28506,18.742936
9996,408.827640
6946,401.042527
22767,731.525341
22187,1468.206539
12930,579.073946
18396,244.022617
13587,155.371487
11577,78.685418
21559,4955.337724
6339,3573.263876
11137,171.124686
24572,1353.691817
974,5499.461113
25829,66.442887
21273,2514.320704
27598,224.768793
14474,136.643104
1826,8213.181097
4911,154.002614
13272,140.737377
21008,843.276654
14190,111.214009
27941,37.312493
17438,2646.567788
18308,818.409288
28351,10297.865815
21807,588.941718
13172,229.973887
20070,10132.400207
1525,4599.946817
26258,206.815873
20494,2796.571919
6712,261.134698
2411,4347.657560
1226,2251.266857
13427,3584.728889
15334,152.907222
2115,4241.926907
23736,174.372602
1747,4459.709544
14462,139.944302
17422,2569.350629
18940,213.399503
16138,2528.250539
14153,129.878144
5934,170.930703
17232,2003.334510
24657,1454.705926
22463,1061.466334
3062,190.970309
8559,135.970857
10752,202.995511
15060,226.680603
7917,193.005336
9851,192.776887
25041,2360.639327
22228,945.260036
22766,3829.502199
8442,177.892885
2760,158.211643
7556,337.802219
6005,195.337295
25029,1055.828573
2202,34065.010631
6444,66.649400
21244,1605.965622
21940,750.473392
5569,185.401327
28033,244.619361
3477,232.022856
19845,773.464337
27862,4002.906953
15595,175.360760
18551,488.573445
11941,300.487255
16362,1831.511162
26445,279.157569
16774,2130.652919
3937,99.075992
23307,875.913573
21657,1084.921404
5159,229.003338
6099,162.747725
18129,840.440727
5124,726.575182
5603,271.775973
15030,99.388003
27553,5235.414686
24006,600.815194
26721,3004.841004
5067,137.312403
11751,217.033843
15188,786.730102
10351,174.729926
25012,2641.650285
5778,499.914799
15159,2704.732346
20365,593.621336
11823,164.506496
7897,921.534610
23074,1264.815669
20495,937.418770
27336,2357.157381
18735,436.162545
9008,173.548919
4480,198.550647
5251,117.862831
20954,7306.818300
10648,80.783858
5519,1267.633433
18962,3243.398616
21607,472.010237
2692,600.549744
3905,261.073584
17311,326.101174
22744,4876.071504
18316,809.637015
21230,893.581836
27184,2813.334558
12627,211.054644
1922,19989.207508
28146,47.605685
2422,13144.387101
13022,378.637224
1528,2519.305009
25609,678.227637
416,5864.774394
19013,8093.858137
14710,253.049904
4582,107.555383
12332,182.742625
3009,162.458600
6817,52.027255
13287,148.504692
6048,122.140096
18795,271.931182
10838,121.824878
9550,965.132981
25479,8291.758058
14334,614.741505
18383,1274.656181
15403,2179.284883
24853,1622.299156
19397,1143.563770
26180,302.774577
2723,111.746680
15075,156.609325
27695,419.057375
20706,1807.749224
1678,5964.224642
8612,669.154331
7531,251.925578
20466,8789.423314
2423,3737.831714
27630,867.454785
20656,1134.724644
10418,119.779570
6077,151.514283
1690,4925.443826
1047,1153.103800
25851,459.314267
7255,135.265311
26970,51.057695
21764,1684.139359
28357,1134.116869
8296,152.881991
24896,90.563212
7293,141.822969
7398,216.456513
18116,2076.568469
24404,2406.390348
26523,1936.696992
6473,798.049029
26204,1079.909966
11493,119.011365
23919,1525.011663
19760,3723.890384
23050,2588.223325
28415,119.663843
14445,138.660187
28615,68.071124
13661,665.008840
13331,122.379432
15779,281.530378
28612,432.205529
18514,474.614364
17163,172.945641
9732,182.454762
9520,180.310427
5015,154.485488
25731,100.511192
8384,168.748148
13236,140.918917
28419,85.596952
1836,1722.988353
8683,105.151137
9502,374.551466
17741,1026.334621
28486,361.755452
27523,174.440531
11588,352.407206
4988,431.600678
12980,129.067318
16677,405.817278
16044,167.913952
25474,2676.263258
20277,1563.399053
15856,632.265991
14780,249.949876
1343,8440.561070
1269,2366.076541
2567,2040.154032
17376,375.112028
17340,111.070096
18753,900.180997
25069,436.164590
23115,851.644290
7665,51.641083
27252,320.008180
8058,465.789025
18890,321.448902
14590,186.321437
18054,249.083783
9778,513.576021
394,2685.298604
23328,254.753674
3316,139.290517
15752,148.005539
11360,196.025819
27723,664.942069
17436,470.440764
28466,234.883670
21466,727.407494
4325,226.362736
26349,1960.329082
878,20387.077610
7306,85.060930
12661,120.994543
16541,258.172635
23539,2973.121231
11343,180.443399
6644,438.127970
1149,6089.769817
5439,110.994264
21431,4984.024547
20288,4357.732028
6024,154.312995
11918,72.310191
1541,5146.130041
10612,1630.350752
15762,186.404332
12489,177.956415
26145,212.235347
16257,4774.853501
22546,2753.670500
11845,68.410312
2199,6257.893002
9392,166.923746
23702,3000.188302
7198,131.179362
22820,9964.287339
17129,1599.679567
21696,249.970819
11558,764.170271
8759,145.901978
17727,1195.748996
7907,293.142374
17135,4543.169728
25821,4386.996414
17607,185.574671
5508,582.353824
14022,149.872807
17673,810.805148
5719,191.635156
17999,279.458161
11209,2909.556199
26995,311.387199
23709,1766.199884
17969,356.983899
19144,1363.000140
12801,621.374926
7350,73.896358
22058,2430.145108
14788,211.296733
6798,182.801955
25220,1626.482355
15646,129.072251
9887,556.381167
26589,1598.701238
15979,196.024166
15161,3325.547014
21741,1504.361898
12511,122.324169
22647,1878.065738
3393,182.693231
21012,748.800684
16232,248.132366
25524,69.871777
26293,314.194636
22967,1502.172167
4775,81.111219
4064,93.446245
20987,1050.002851
4223,113.515847
9664,630.066618
10760,319.937672
20540,1283.911095
7581,97.991171
8989,127.594195
6716,327.971157
15803,102.307058
11101,194.205123
274,640.117512
15307,210.625193
9332,232.390136
3784,131.674294
14564,161.787292
27423,1425.591016
7815,1595.951445
21723,1078.408772
18854,107.415355
8470,193.126181
28653,47.266316
13725,116.088154
4144,89.969574
17525,299.726279
634,987.386758
419,2744.786069
3174,221.829620
5494,105.408857
20680,1944.213564
21630,678.210331
7081,200.991635
13658,333.888531
27265,342.494867
1327,13010.088310
12409,401.381349
12721,60.671472
21597,1195.289033
17517,2461.782083
3065,487.589634
13865,421.355010
7205,135.171118
25034,822.506091
25043,150.833564
2589,22964.809291
277,5908.980967
25747,3258.379074
11094,208.508275
4319,132.757453
1112,1444.341480
17773,211.473563
19526,522.379488
19779,3004.795339
17351,1380.876607
28517,2646.610933
28661,1474.933936
25217,135.751066
24769,456.230967
8650,100.924120
5298,397.571032
19293,1600.715736
4581,178.852029
27601,6166.728836
82,4349.291432
21250,1444.856383
8777,99.808446
26027,637.495909
15341,2944.884677
20896,1708.247446
28476,442.575289
6171,100.687580
27715,114.509269
1245,3211.817858
21925,9475.233977
20944,2311.358122
10660,888.869605
6632,944.369144
19740,18669.419743
16576,737.802588
25349,1525.545430
6262,134.207745
5113,99.831345
19300,1256.223055
20485,2321.433037
20407,726.986939
9060,274.288847
5620,112.772118
22873,3099.244147
3510,450.958498
19811,1996.157636
15115,257.406747
28762,14580.479524
9609,219.247743
15743,4420.096281
25156,763.332640
2641,2018.583588
24856,4409.855865
25866,948.130549
7471,168.959376
9983,2625.769727
21832,464.618776
18805,466.692010
13225,174.730821
16690,390.816601
3128,180.842367
17084,155.919544
16726,477.792277
13182,199.459460
3394,152.119600
15299,2923.479717
3619,497.962108
21491,1376.916379
19303,1376.568113
9222,370.927790
15904,112.146415
1711,17513.172448
18281,1591.843926
5811,169.104813
26015,366.663082
1096,6026.790856
902,4615.240768
28613,14244.937765
21314,1320.864579
20020,1481.777074
25384,216.971341
16697,596.165575
14921,558.847791
9158,102.113679
26155,519.672075
20183,1255.506713
28013,2889.876673
3504,141.016603
24430,1004.584004
13499,1476.841964
731,3526.192133
6733,113.546243
12033,353.901407
4358,115.957241
20302,1432.200144
23837,2181.119448
1352,997.749898
11578,311.654789
1326,8753.514681
1063,3393.392955
6694,485.685475
27032,975.646232
4166,125.816659
24234,316.558361
27761,821.690818
25756,1175.399706
18846,269.776487
6560,397.804467
11233,391.675598
4493,305.310207
10209,98.382629
22368,2077.912246
5352,329.636759
18758,390.976325
21239,1507.095656
22839,854.962604
23605,2164.018836
6869,77.672765
28158,1473.883666
22537,1003.504446
2996,178.985717
16313,3728.705564
7038,212.681511
6698,540.919843
9015,478.144916
20387,531.939071
13000,118.950515
7003,113.861730
12429,228.637926
12998,173.959666
13600,267.935603
4627,593.905047
17506,522.073454
1388,1165.121769
652,7227.161001
1795,7529.457785
11799,121.550790
3624,99.732271
22004,2410.918149
20934,971.182735
9685,181.050175
19269,1522.253133
6696,374.570049
10889,236.693170
13043,80.885321
16499,379.026057
22713,521.683567
9087,114.683040
28540,1244.065939
143,5894.192511
4529,553.974367
28549,3774.948946
15600,134.019538
11714,109.251230
8859,91.080331
972,8024.425002
2608,4445.124641
1559,7165.488562
14146,142.157071
6115,111.070524
5831,52.532418
19755,2246.618812
23299,991.916933
9424,486.556833
4553,219.408133
20329,668.255215
25930,90.890166
18252,7453.892903
26820,602.473387
17562,540.558249
27290,773.822253
3794,473.296251
19837,1675.555490
17120,19497.066575
20114,1880.104835
16935,339.440938
212,2232.526297
3102,335.660112
1771,11195.973015
18831,287.331876
20980,3876.560161
11142,358.230885
22645,415.883866
5294,245.617771
16557,556.238510
26042,1940.484394
18685,492.429596
2300,8756.709740
14165,99.466020
14043,89.186389
12796,5152.810394
28806,803.177701
18133,6554.110043
15201,296.824306
12906,320.305472
21702,913.795048
18030,253.975277
21966,390.477133
25914,252.998506
2784,202.770028
11218,143.893673
18966,246.232282
16747,266.131244
26262,653.995341
25963,1730.036373
24219,553.279140
17730,429.787315
25793,3736.354471
22753,284.973544
12274,7237.265661
27197,476.699601
22417,1512.253578
6399,84.254448
9775,250.132874
14456,2002.919030
27365,327.562239
12243,212.644185
25779,2867.248383
24544,664.648169
20844,831.708980
25101,131.534296
1519,2992.115908
5975,117.567518
13480,843.274486
26200,1970.247269
12803,1146.776602
15412,260.132642
1248,4491.381942
11813,283.928365
22034,2163.812905
4340,181.282353
2895,93.383848
22545,1082.020409
18362,1437.816569
24186,1290.252050
1434,5683.718164
6882,579.117779
26044,1947.804400
19558,1318.073636
12625,239.434115
13282,372.164129
943,2393.083399
14786,142.845883
11102,170.279662
13723,194.656738
20303,1432.200144
12761,147.397342
5359,109.146063
12501,72.459073
12607,167.996308
25532,160.083225
13174,114.796818
20460,5983.075110
22465,4776.601620
4002,424.434599
4421,567.456188
24067,1004.864815
24166,5860.614687
716,1782.028227
3604,185.931880
5145,126.975955
11892,180.056554
26935,844.397584
23173,1023.411026
3820,125.753602
18245,1262.766165
1477,1857.430028
25170,6807.372253
8386,131.976675
3391,157.303461
20489,569.749662
12856,431.245940
22834,3578.906767
16042,505.640471
28759,5020.725531
23813,490.446790
2835,230.829663
1378,28082.353364
4394,95.611791
27004,2106.218863
10821,132.636938
9064,262.985826
486,7736.506618
7072,302.768917
7898,230.409272
24223,771.236374
17277,1297.044209
15366,1739.356691
6054,114.982131
8179,179.441499
12348,213.445419
7920,212.565514
12723,169.584742
702,2814.514635
20390,1790.371042
11368,198.712635
23990,314.455756
26367,391.405977
28760,68.145561
23898,1844.837412
1825,22286.816767
16300,3073.190448
19105,3044.853028
23766,696.953268
22920,382.812562
19814,1683.807441
1265,9247.847961
2145,24113.074026
20321,880.425933
23454,708.860894
28772,5071.671477
14076,109.136508
21337,2537.391267
27462,3363.653312
5646,117.999082
16035,116.812380
13006,174.806673
24807,667.107593
22511,2598.073080
17305,510.746492
17447,810.512394
1839,4681.628363
16627,284.166717
11421,120.837094
26849,109.491838
18021,765.269643
17820,1613.283690
27659,683.641796
12263,147.652765
21856,3205.526842
9745,76.591374
9041,703.174429
19726,1231.331635
26748,1380.387652
13509,462.824833
3755,339.861299
7592,192.063884
18367,1330.248608
7045,266.577551
20359,910.432222
3302,176.967171
23619,2842.044051
444,2520.628375
888,5237.873684
13821,168.188192
1179,8137.423569
13320,165.527645
27501,775.270824
2862,140.027298
7773,200.656403
11837,428.472508
9988,186.911089
25271,49.496210
24376,690.534610
20161,992.613323
25551,1010.793320
22481,1530.574702
22062,795.068012
20995,1285.990880
17024,344.275801
16775,1082.751513
22238,1462.055939
13582,1000.632196
9611,1092.547605
22841,230.576032
2747,699.818085
25382,1107.352059
4395,136.761862
19092,492.486693
7838,185.983306
25544,952.624020
7801,113.001332
4279,153.563092
17552,387.390537
27597,3632.243733
24041,542.926510
13663,2323.602964
24451,561.430087
3941,72.901898
10743,105.554525
6492,155.365594
27580,256.049861
25877,1792.015293
13604,298.276803
19686,1490.696560
23911,4186.271856
23681,1294.488124
24399,675.629830
20464,4045.443672
10181,106.105561
17862,434.185427
18135,9769.949762
12907,270.706108
19630,816.197254
5546,399.426303
14389,115.146616
4219,89.773712
3963,161.623170
16343,897.359555
12422,315.362218
24716,102.040900
1435,660.573272
12315,973.285478
10595,100.488125
9648,242.658082
7724,132.470558
3144,249.490723
27074,1137.003599
18976,1148.390383
11884,103.185389
21957,2764.631664
19598,648.811066
5766,224.481263
28659,1998.071575
4444,1038.506970
14498,418.603255
14316,714.728430
11867,106.118518
4998,595.990171
18121,6426.197546
25703,952.446770
3836,178.956433
3930,157.860568
28338,3669.026913
1537,3194.845179
23326,211.573420
6739,499.741733
6066,194.333614
798,3038.222428
9310,112.873215
3231,101.559884
17107,2681.529531
9486,554.224839
11252,110.450677
16708,878.915988
19557,827.589760
12255,1304.924550
28148,267.015652
7604,412.367144
9768,107.175008
18377,1084.696723
22677,1103.863485
1244,4248.460812
11162,278.233736
9774,227.903774
5806,133.563521
19532,920.102726
15174,431.216948
19294,1059.696499
9740,125.001442
6422,318.676402
16639,310.519176
6249,694.400739
9029,795.047305
20033,1934.662732
85,4071.036060
22810,1210.018598
3848,96.477579
5885,1058.542233
9704,200.451693
14963,283.756725
4046,1263.938507
17178,945.298137
5759,80.826130
17071,264.699854
27744,3638.625059
3933,140.825228
163,1533.034387
27164,1626.822793
11547,861.510304
17879,338.884193
9325,854.128803
10314,131.947050
16537,525.628852
28491,1404.315351
9059,271.953048
8412,98.031154
642,1031.194717
22172,496.770577
371,1696.738921
16858,296.647013
2018,14853.548633
14667,103.748477
19507,887.105763
6384,234.713916
5807,236.319949
17102,7024.289447
917,6300.609829
18335,641.061549
1859,814.246239
1156,7562.256098
27234,6540.339978
23163,731.284239
23272,443.356792
13956,86.635245
1192,2312.640026
8295,152.881991
12551,266.034844
570,2808.778994
25207,5247.628373
303,3118.235281
2195,5104.085068
23676,9741.546588
13564,641.510334
25056,317.504503
7431,104.095475
2660,9287.985484
24571,2152.511893
14383,813.565690
13692,142.704825
19048,2445.551425
11111,444.865675
16743,233.005096
26581,410.489555
20290,724.616015
7197,1191.095536
10244,88.021448
19267,1670.786383
14004,201.338085
24366,963.171264
6756,115.739603
23155,1077.270645
7055,171.470583
7865,169.661393
28527,7432.165408
17093,234.300784
4263,90.083729
21515,1419.912037
22348,1661.550774
7387,218.981360
19588,1191.398552
3808,231.506333
13969,102.331654
10653,265.284871
9398,949.509620
16019,735.716788
6879,321.602394
25960,2151.960868
16882,2163.508167
10977,140.218754
13847,154.245826
14798,107.610789
15288,1057.420515
25573,12385.261062
19177,5337.471770
13565,104.598563
26236,3212.015639
19394,1621.302312
3425,628.229627
956,6642.914541
8367,159.905301
5319,177.714788
22768,2349.168859
10218,108.327743
8340,105.341106
26838,1628.812657
24823,775.678662
24646,552.743172
19768,1551.005287
27261,13768.402012
3001,122.593754
1510,9185.897607
16003,152.968055
16727,543.707923
21866,5139.791592
11422,119.724896
26503,406.730963
4534,228.649211
13304,112.277758
4840,149.091636
15085,105.169605
1976,13995.019837
2819,477.343436
27150,2507.614314
24418,3204.407115
20324,653.096720
5698,178.980625
6323,189.072318
19790,2062.285077
17762,448.415130
16806,356.188868
23303,483.052070
8327,206.122440
8800,137.966249
11294,185.519387
19833,3515.786895
24329,635.449940
176,3316.452664
21270,2402.672962
4022,1236.592342
24369,4053.347674
5478,140.296350
7355,202.564818
14006,102.310082
13156,94.022829
24951,1969.016197
6717,101.693397
17225,1216.447027
22114,1224.884136
1990,7298.066065
3090,125.755579
24464,242.701091
17666,1145.571941
6303,348.845961
27461,2147.168515
3392,128.974228
6392,347.289493
11640,237.660663
12407,370.320089
10245,297.657026
22376,1290.381666
6539,204.631666
12488,172.381270
10621,342.933741
15050,88.068528
27262,3245.967069
26885,438.825739
24773,296.375062
4598,124.249061
20158,885.994090
9566,309.719538
17079,314.126137
10970,89.738588
11054,368.993403
2218,16695.031333
895,2945.396458
13562,456.728455
6606,74.205392
18451,998.990869
11354,90.939399
27155,604.939894
4079,78.771367
11593,832.140503
9817,100.125723
5025,125.746875
7228,130.053349
14147,353.364848
10422,114.171241
15428,190.404731
25506,771.004638
2845,139.497824
10000,1888.866935
2664,6571.354021
20278,843.672182
1811,6014.439852
17160,2069.162143
27679,128.454938
1707,11683.813920
1440,6397.027896
16536,174.544206
16395,456.291082
22687,603.921227
7422,102.619871
11672,675.086929
27288,524.347003
27400,289.156436
16625,376.198445
5169,366.834700
19035,1434.150621
418,2108.001207
1200,1066.495165
22954,2062.654563
27758,508.559434
11891,106.519835
8501,100.889449
23371,751.483135
20913,1542.611461
13977,161.401721
10723,137.245870
26034,1683.124910
23700,1832.495505
15865,197.180560
10579,1460.022752
19382,1492.940897
17154,3465.819967
22553,1407.172756
18388,280.631925
7732,196.807752
28591,2006.942180
17868,1363.980724
21495,2891.490911
14867,272.747869
24800,2112.724846
10489,284.419881
28521,3292.342141
23490,2095.644200
10464,1545.956452
2008,12969.274391
24533,885.614236
8407,114.252252
23152,1648.779070
3805,92.821349
9772,302.319472
2838,103.042310
336,5847.810658
5982,405.046349
27568,308.757974
25118,4370.277001
3850,387.713856
9153,207.486551
12284,1171.665714
24460,235.731973
14975,78.170951
22857,1783.427529
13971,190.525816
21817,10132.115078
9271,320.771145
2961,141.800131
7645,390.020958
17295,568.056077
22569,721.658884
22305,1357.331378
16856,332.577803
12978,90.743689
16323,2161.116607
13686,69.596361
24424,525.535297
28369,1974.683805
6697,252.161741
23826,625.447452
2556,5618.725042
17945,1256.646317
27305,4777.354665
28734,1000.839434
3648,148.257136
10492,749.611135
24215,5800.522478
25095,662.567831
9259,115.892286
4511,166.466270
1545,2021.867217
25482,289.473448
27570,898.899651
4705,376.832036
9394,150.572583
10732,378.256462
28333,3259.888164
17108,946.949040
27879,122.066655
19651,745.649504
24832,3325.402699
6949,132.321893
311,7658.810322
20658,703.369529
11697,344.953826
7590,290.898614
27165,1202.363749
4009,132.266798
27945,671.043588
8809,126.132068
23597,11336.637291
6505,140.383914
3020,95.071985
8954,238.265522
12471,59.788111
4996,127.117665
16125,10511.161571
2733,91.519504
18690,498.908645
15627,341.846280
3119,163.890300
4772,238.050584
4779,1058.930236
2778,166.330128
15496,1146.985773
20018,769.785228
18648,163.698066
27739,898.930610
5173,189.985135
27809,63.214081
26395,6459.674708
7544,246.900875
18475,562.674535
11990,119.329958
28516,1865.496645
18264,1011.318351
18706,293.412390
21131,827.985539
21735,1566.307291
26234,122.345060
22821,1368.919277
3353,108.702840
16540,171.582156
16180,736.637559
18380,454.964742
26383,685.255235
1998,5959.424317
8128,73.338839
9533,1275.260712
19535,462.007992
3597,164.998319
18313,948.261714
19245,1324.908814
13867,82.720970
26053,1881.259991
11454,109.220096
24432,453.305464
10591,142.917666
7460,225.931783
3236,116.953760
3249,193.076345
17902,264.953131
23333,2322.178208
17214,33063.408888
4376,91.758223
9653,305.996297
20715,3925.742700
25827,528.687505
18734,241.238016
13656,247.990375
26242,216.141168
11543,2653.508075
6283,523.522092
10996,797.871779
17823,662.118000
22192,343.316333
1408,3408.688044
18599,6713.872953
9409,128.950289
27030,598.094102
8365,105.756837
19602,3139.721782
448,834.270377
21183,728.390653
23608,5494.401782
3430,174.366635
2179,4387.994214
11551,520.607067
4597,161.870265
10976,101.288638
14442,141.043842
23891,4935.747824
25399,2404.885184
8068,68.504769
13733,451.020336
15561,113.468835
1481,21154.901165
21783,592.322462
28059,641.932124
8237,128.032397
15817,2994.194456
9673,101.124641
8556,108.691106
27591,1699.415726
799,2250.081108
20722,1435.599860
8002,159.041200
20046,1865.219043
28665,1080.113435
1097,3504.079402
13121,73.214168
7933,159.670532
21941,2768.341552
24503,1880.147192
12372,183.911019
2434,11220.086808
9316,104.726395
11379,120.763292
41,1598.676241
28213,4102.628849
28038,3752.038298
9752,97.636198
20006,2058.773811
27066,1687.436743
2150,6573.482648
15899,95.605013
1260,21857.990467
10981,229.192301
2067,884.816789
9150,174.509691
18324,431.272438
14736,178.797820
8541,63.738318
8208,316.765380
118,1044.905676
9345,126.757626
6225,102.157597
18297,560.407082
26421,7786.364855
28600,1438.800815
17490,675.385992
14869,95.928782
856,3269.976445
15290,743.836739
313,1297.809028
21885,995.846315
10214,156.481490
12583,250.951252
8746,72.312509
26689,242.277122
27943,728.461437
20663,913.886559
16402,584.486741
22037,2981.224341
1693,9989.938398
14294,2028.061496
26817,1185.522416
282,1806.425523
25191,1676.389980
298,7578.788357
3801,257.611484
23095,1556.216776
5026,117.097732
6114,131.206995
16783,338.989068
27353,209.499610
14364,894.484949
1709,26035.825958
9783,317.923445
4342,79.423658
21850,1306.697369
15861,206.231472
7123,278.009184
14057,278.012368
27380,2004.991153
3164,100.352560
9640,832.399537
9553,146.224204
19785,1524.662424
5340,133.180346
9448,101.549782
13327,577.339364
20401,1123.795625
10017,171.413265
10652,145.555278
11173,396.587211
715,8067.859997
25792,2758.363668
2263,11519.703501
25834,1801.029288
3337,96.566783
4155,250.569955
9390,114.872196
829,9825.694420
10087,2045.594750
4948,84.655538
1899,3609.475049
18680,562.755075
14350,2278.107563
7492,192.884641
22315,4157.399491
15283,511.344486
11972,235.439733
14443,961.718776
14521,2569.142236
7226,129.357623
21113,1306.854170
550,7390.664597
5776,193.303964
3256,115.190070
18051,291.065937
9122,2154.072105
14008,163.700304
934,2426.966004
27871,1758.993442
5972,287.562622
20438,3203.366772
18513,559.074499
429,28976.305331
7112,238.691407
4760,110.286094
4593,105.512922
17136,7037.189494
26430,7575.818158
8225,259.032453
22787,199.376520
2554,9610.495291
11300,469.094638
10256,138.743466
16141,8490.906668
20421,1952.619451
3894,120.072847
1930,10277.440066
4835,118.828467
21626,1582.570970
23281,7359.196766
10978,148.378989
20444,4846.885056
12628,242.484827
27789,1893.177213
28394,1392.989543
3889,263.618931
5091,113.383780
4242,127.027493
13186,296.447775
23205,1894.489671
12438,239.159116
11503,170.187702
17651,3569.421977
24756,1186.033759
7218,64.106900
20251,517.738084
28797,854.212024
24470,110.836832
24299,248.593157
18000,204.353997
17845,534.081890
20170,695.189243
8489,1430.890182
18506,266.744916
4754,134.574068
20705,3616.826309
585,6430.456418
4251,120.936694
14300,419.964803
3777,212.799808
7526,103.177931
27013,242.273158
17986,511.757752
13199,262.661868
4671,646.184808
19169,5478.286201
17630,430.836166
27299,689.590840
24453,4519.243517
18333,338.104975
4555,120.765348
16377,1052.163392
11400,148.996071
19911,939.035977
14799,133.647471
23846,916.579004
23712,516.325108
7196,257.650382
8851,285.412333
12339,242.040109
10869,203.422792
16611,168.411436
23338,2134.659053
26158,585.170839
4920,119.184640
2561,872.026125
27827,1175.906879
26169,1278.541961
17385,3124.185024
5223,235.033505
6986,155.867610
11181,207.187237
19311,3092.313988
103,3694.399552
11568,312.759814
18814,344.015854
28529,2539.979593
4261,72.457926
8994,1020.268481
1741,2742.490214
5560,589.400129
26056,1354.662398
21263,2435.504498
27115,301.299501
18722,138.718690
3549,217.738379
7514,252.037223
26810,1079.269979
21582,1153.128090
5574,172.308481
23290,769.196570
9580,87.626508
20717,2270.303858
5115,1527.295332
6893,457.868350
19081,2223.984487
13269,8546.393566
84,1848.733757
22627,432.967899
13594,89.416071
27707,2155.336575
11275,179.644782
5256,470.823377
4859,63.618351
17731,214.461129
27414,4071.741350
22891,1346.195661
6793,509.249661
16756,182.896332
13834,69.830026
19062,8190.958092
7427,105.423878
6415,157.865073
15262,1033.352357
5744,125.393156
9949,153.071514
26730,1580.376083
19119,1344.724811
23254,238.831765
16542,3578.054670
1201,1990.223785
25015,1015.145608
28258,1011.697424
2159,16406.440676
26144,2818.245556
24545,635.095425
10443,126.061683
17496,3817.801858
8576,291.189386
18219,2801.613837
7880,157.210940
15350,672.383112
8131,481.065891
19752,5720.301701
21176,1114.217826
24224,757.924192
622,1003.338317
20653,595.991389
21949,12435.897762
5313,119.695770
23549,426.856698
1729,9304.637549
24709,4987.530377
3753,146.846317
14440,306.053887
20452,2943.223781
6520,243.283600
6974,140.273506
26267,318.607778
1012,2458.774457
19879,1804.996781
11980,60.199230
6146,1118.861425
19288,1356.508818
18775,396.735191
5604,198.001241
24065,1341.373008
23780,1318.200610
2696,118.381223
27876,305.381313
20480,993.399216
14115,110.125439
21376,2212.934900
25900,4152.011176
1827,8415.014414
9575,252.860992
9047,198.379488
24969,889.000344
473,13346.216969
25060,68.585466
15934,210.110862
22765,1149.188651
4121,241.118298
25974,2523.763561
7040,604.565631
27537,7376.370529
27841,421.442145
3821,125.444478
28739,386.589857
5994,236.482045
28001,2678.205979
14170,360.189883
21456,2492.863723
10789,380.794697
28380,158.825006
7464,236.577837
10405,107.697955
9373,154.619998
24355,771.677981
14705,159.702443
25557,1025.368025
5066,170.080285
27369,4797.270057
4674,101.833049
19295,2942.668539
25945,5813.465518
6263,138.557070
25964,1604.542528
15662,148.375382
25035,789.884135
18126,805.858773
14303,793.469071
12994,462.174024
4196,574.814197
19754,479.329774
24392,765.809381
11667,118.739067
17878,976.206389
9459,136.049872
20060,578.424147
27282,1387.316151
26224,1634.593248
21852,1389.917204
11747,499.331749
9536,1551.938752
23406,4893.020300
18435,441.627105
8136,234.803347
1778,7247.303527
17706,459.985790
12659,111.453068
18304,744.870338
3656,63.219061
6245,97.609103
22822,1397.518656
4101,147.858677
3301,106.479793
20346,637.575076
27054,587.416385
17074,385.491244
27026,62.585827
21318,3675.295256
13614,66.342103
7686,275.923522
26680,111.446850
21257,2780.503943
17005,280.242169
17292,937.394736
1949,1911.743612
22638,4715.944674
20755,2012.947503
2711,651.228538
1898,2418.708286
8091,114.159579
540,13176.860166
14915,176.476245
13885,52.323310
18498,796.623866
13759,158.789760
25165,1098.844030
20989,1089.223373
14961,111.644614
16203,5408.059996
8711,102.935924
25206,128.434371
14235,4037.209808
27640,142.793255
14749,186.058166
26650,9630.535377
22054,2337.768597
22960,736.635969
9682,682.804644
20546,776.216369
22724,437.136339
1372,5115.774936
11627,127.598038
27119,298.347962
15701,200.644719
15933,124.571951
14309,369.789291
26633,4594.237117
11134,340.112360
2707,174.001516
14379,231.011324
12,12673.871704
668,17758.757428
5523,319.732550
2174,1092.584670
12642,137.802238
24107,921.530494
12328,2011.675803
10430,115.212471
8152,299.700142
5282,367.701326
16187,3182.158617
16792,441.274692
5078,133.394674
15755,211.287564
1296,591.686429
16081,176.194576
9728,442.981111
6987,128.233320
22063,618.527705
8113,436.861179
1498,10910.591416
7634,109.236707
16321,2227.067431
15788,173.165937
9038,530.833843
5914,92.077448
12732,113.367273
938,7485.537812
11787,166.771285
7977,214.660754
6992,142.973253
20862,420.163513
13988,124.962261
19237,658.862502
17372,5391.792397
19862,7977.958085
23062,1072.173603
16098,234.874424
5360,121.165157
18370,531.481291
10068,490.020553
22412,16691.035596
2902,130.967137
973,16212.340583
1672,4238.151612
12289,1241.590481
27714,718.193271
20803,774.432260
6859,121.183305
21983,1301.923096
16948,149.575005
3763,150.560093
9336,116.445201
17194,7432.615000
27053,4973.512579
23417,1449.082948
28097,7851.701099
23655,326.975897
19289,457.594816
407,2507.480218
472,2214.599168
20306,3688.860181
25950,557.242493
26864,164.322054
11004,150.223124
5674,159.743525
8290,197.392016
9835,134.573536
8443,97.160593
14690,352.684343
2461,14624.867535
11590,1068.360867
26642,136.684017
3305,157.027259
7687,67.340213
26787,2196.839892
16718,654.845455
16573,508.993387
3797,106.851407
18901,368.883144
17015,317.459896
18040,236.950962
13635,236.644487
8337,676.107701
8291,470.602180
19732,778.043597
24416,1934.293902
20768,2426.846081
27721,2009.226410
26298,62.512669
9583,137.327623
23323,1368.806313
19947,697.344168
8495,214.576405
15059,56.084045
13940,91.082913
3589,66.880535
8783,403.982655
22278,1541.717283
8958,102.397366
3098,264.800775
19401,742.616968
27651,723.604329
9319,259.470184
11900,152.734032
28251,1513.166221
2047,7252.440449
18683,492.429596
20410,792.086930
18868,415.263153
11818,70.108922
17574,938.047870
24730,878.767650
27699,2027.704910
11948,207.516512
7689,196.124657
10604,214.542511
11490,103.131830
18819,249.260846
27200,314.775058
6755,100.749131
5836,156.563468
19330,3368.243872
1910,2249.569454
12811,1469.270331
20632,1516.441231
2303,10973.969312
147,1051.759614
17754,680.560245
7301,249.708134
13125,120.612406
14533,314.256294
23817,384.108230
28430,571.946661
12275,223.777857
7878,303.480085
17037,577.602277
12459,79.241400
13279,207.634242
19359,2067.889386
20949,651.052569
858,1186.161176
27146,2469.843944
22869,588.407480
26246,204.482316
13606,153.676710
1338,3687.241603
1016,3547.253912
9532,187.713236
3255,94.749150
8753,153.651385
3717,221.053186
7333,135.302622
23949,998.440613
4413,78.338939
28252,527.752690
22316,2878.923532
5149,211.042816
325,3754.828747
5541,110.101057
23964,668.733216
9412,116.523931
7351,155.698561
2825,229.345454
6695,535.055418
26882,187.490838
21455,941.668930
16845,508.971610
20001,1265.882892
1331,4359.532183
24879,1024.572654
27857,673.393966
4617,104.004444
528,5313.146881
3321,119.268337
11806,157.006894
4120,299.786395
1196,6307.382211
19387,355.038359
14275,1680.861311
19443,932.778112
14261,237.380859
12331,76.963164
26593,6357.757411
487,13463.785498
5949,101.629790
1420,5949.120660
25488,5691.412453
15539,2198.404301
15731,288.009785
28133,2089.469373
26673,784.566909
23313,591.820684
10054,325.668632
27828,834.982229
28524,2942.440678
12945,407.225106
27203,4084.680959
21923,1157.814335
7779,109.669111
20301,1492.381238
19909,876.584278
2903,150.506299
8836,99.844065
12940,175.940462
6841,132.404105
27390,6615.215562
8830,135.942550
27019,523.458510
20623,1128.365313
1996,3620.581368
7247,101.449322
17623,424.248480
2076,4066.230755
14207,84.398863
18473,444.052753
13375,304.481509
3529,734.975428
19212,420.558718
13669,562.836691
11962,70.447951
3076,1221.709354
26099,143.342248
13497,140.237278
11483,97.900667
17038,216.443990
16411,195.027587
9311,126.567818
14278,1488.907268
23589,2604.565562
20510,5532.008373
18166,632.548928
16615,221.012255
12641,137.256671
25292,1055.548205
701,1781.031573
8529,122.063649
23241,534.973124
9917,94.445929
26353,5494.659623
25318,654.035497
11461,331.378284
22582,1226.463761
14616,177.683250
21891,2019.967170
14640,123.008355
18334,405.145232
21806,826.995074
23567,1512.726889
6182,109.495463
12259,208.474682
7709,116.797288
9694,156.279518
9926,241.994809
24342,621.048559
8481,128.602732
493,2917.647526
27024,262.171184
15316,210.059428
6553,369.434571
26931,695.356604
16909,301.931878
15152,959.752086
16048,115.036530
504,8311.994598
5935,1010.673800
4105,114.322341
1895,1944.097009
27189,2551.554680
3667,146.933169
28249,5076.343525
19636,527.731170
5499,141.254216
22150,1894.133137
12507,341.418814
23860,1851.689400
1360,1792.254944
9365,126.207357
25213,1183.163918
27081,323.970015
24694,544.859422
5108,166.955074
8200,2517.633885
24269,384.706692
27918,719.307052
6247,290.498061
12771,123.114655
22764,2064.381778
2110,3448.988656
21513,937.889661
18882,194.896820
5391,176.115295
17679,409.503153
25333,5672.697144
27289,2091.070658
19559,496.439350
4753,97.411548
1280,5780.100893
7930,344.713821
25369,336.954371
11133,1053.504668
9875,165.903431
19389,563.582582
4883,131.491850
8572,551.632222
25987,1923.807450
4758,104.687274
3900,358.930365
19424,896.954793
18849,244.567766
2796,133.441615
20023,830.671115
13436,2313.495832
7978,122.843717
15614,451.650087
13998,256.116922
25583,752.533966
18079,9596.853379
22689,22070.700061
26535,5512.879299
6640,258.248190
5399,224.722680
23564,271.228657
15023,112.045164
24642,1216.323414
26273,379.294080
10741,437.969965
3332,99.273967
10774,112.490027
14288,235.060502
21310,1382.204842
2813,387.680558
595,20573.956823
27929,3665.863313
13524,263.606440
11302,99.280478
16549,133.934230
9826,882.415398
13812,572.212302
7969,167.963481
14866,121.838427
16288,538.226844
15630,434.625972
20360,1292.929586
2038,3235.062002
1336,2884.934561
10586,151.504991
20234,887.654634
5817,183.171610
2426,2586.957645
11225,117.004087
14129,224.409873
25619,218.529779
14441,342.133247
3403,783.665589
559,2613.666987
5431,84.913130
15815,522.166869
19161,988.567475
4891,158.077901
4548,111.438270
16993,206.265917
25672,2278.322793
14847,560.445016
24764,241.442269
7056,287.388783
21160,4640.396952
18603,842.973841
28405,619.335781
10231,226.283490
15668,954.001330
16769,271.284700
5666,176.113209
11014,1432.377073
2474,28682.447246
19040,1884.786729
12502,118.186635
28066,2794.752261
26131,575.884235
19633,992.954974
11098,256.737141
10587,117.226559
19199,1443.456890
25354,1143.768715
9596,339.692562
5335,166.539262
880,20387.077610
8071,59.718056
8318,172.614153
9792,218.575431
25781,455.504941
22070,5122.438487
26858,1833.565797
20584,1746.679257
10060,386.694182
21136,715.328859
28648,1184.894945
22570,283.261997
26115,214.110986
20398,1110.593135
27352,3034.043651
27860,764.577308
305,1710.658532
8251,221.907665
15489,271.313981
2652,7774.908316
7490,228.616459
9787,154.954861
9986,154.732924
7282,141.896463
19593,728.057876
4696,97.835768
16928,231.895712
5122,508.950114
13992,289.065185
2041,18089.669048
28778,2118.673124
2286,5939.475453
2528,13535.574604
16145,845.903031
7176,179.187353
3150,310.760132
9438,121.029182
19172,790.222122
18687,3168.744168
5043,100.189527
19966,1746.416085
23753,534.979544
26360,11888.802295
23536,960.675630
13856,69.575690
422,1104.680847
20748,4801.881606
600,3678.458642
8897,104.840289
26170,1406.696991
1915,10813.505736
4430,427.597192
25754,1827.689653
5322,139.601209
8049,573.531363
7165,157.978320
17760,465.551663
7322,106.077134
28494,2230.384165
21729,1906.735808
11221,95.166156
16907,695.414316
13829,105.053067
2223,1425.259233
4573,352.346154
27545,2292.825556
22007,1426.966902
24682,162.967723
840,13655.947792
15986,146.642402
26498,1969.797436
16399,181.390978
6948,146.911339
22998,668.608454
9387,199.484102
19076,1202.434356
1346,2698.427684
11705,421.540457
21772,3286.029707
1557,6344.167891
20635,698.522006
14651,166.940100
16167,237.031390
8366,61.718273
1230,4742.933600
13089,146.763912
10536,292.324812
8279,114.899823
18578,4029.349092
23003,4396.135647
10212,153.330745
14588,152.918959
11337,103.292689
1384,3662.158447
8359,127.093494
20695,1803.530799
3967,262.132105
10460,727.937794
465,2252.404164
28573,792.456506
27474,1593.198605
12472,138.285484
12905,449.639438
15521,196.247845
21014,661.086809
4501,534.951084
17132,4351.917046
671,14654.150294
7209,232.371100
12596,99.348419
26014,557.091108
28377,207.617328
15768,156.148712
26071,665.615125
18832,1697.644986
1875,2804.739990
13520,187.947110
20336,954.473713
24258,328.181074
13035,125.152951
19357,884.822332
12484,250.030988
4594,629.855683
27971,2597.190208
8448,249.961649
24005,347.704679
2482,6305.161096
9535,1551.938752
25653,11142.212791
14733,98.541155
2584,8792.844084
18955,336.482301
20082,1650.727634
1616,10905.042599
25795,817.730014
5928,319.681074
13158,145.303588
16274,1371.712202
6637,365.937077
4615,399.884335
18078,8835.748849
16000,480.577900
28103,10484.835454
17841,994.102755
13651,244.108434
12035,554.348117
22176,288.583249
1289,7065.490489
11235,226.258943
14582,221.577856
21319,1663.402456
21399,510.927407
7569,144.143231
885,5588.736133
2425,5502.976280
26101,328.553177
2975,143.991173
1178,7213.917652
19653,2290.741649
106,2652.938724
24575,2137.457183
6164,84.438341
18365,632.343385
5748,139.743417
7268,206.754395
13963,359.654436
12537,236.716584
10164,188.492981
16912,363.207866
21036,7348.363625
6445,74.542471
5828,71.416825
15450,754.952720
17204,393.412546
9498,209.381855
10930,172.277168
4672,124.819266
8909,101.558891
14887,278.710567
7947,282.749244
7519,1048.593366
17219,286.197765
13763,65.849855
25480,585.659261
11816,324.324469
9362,148.786635
28425,1605.206513
19504,1168.905370
3578,129.743970
19824,1243.733571
8305,192.097672
5869,102.677305
13566,291.722724
28269,9811.743509
200,2467.776325
19695,1885.984848
15485,377.991779
5024,116.204126
24188,2559.074862
15653,253.117757
6385,234.713916
21547,1155.822946
16339,2462.622405
16524,1098.412740
24283,1279.538841
22749,1888.692070
27932,245.548877
15250,293.976681
19059,722.111506
7348,129.828276
4158,199.350130
3366,147.375792
20973,2744.601379
6642,258.370994
26738,93.474546
7737,387.041484
9472,139.184853
5432,79.962547
5636,199.530663
2089,6347.827943
30,1434.636823
14253,1726.018536
6961,141.820174
17444,370.042246
22846,1498.622791
22590,549.276900
20043,10134.765648
16710,178.248910
14009,161.071848
27484,1016.176955
26542,2373.836906
2879,120.457810
7864,477.807059
9384,125.064542
8951,88.512828
28011,641.211840
13540,213.679107
23684,497.199629
6647,1310.429360
28585,4114.261825
2366,3559.957984
22106,2066.568921
15382,1114.447833
8863,129.834822
17377,478.910387
11988,48.181491
19086,3782.665665
12208,1469.504977
25805,682.639738
6728,156.321696
7830,6235.597505
11601,148.959067
24302,2461.349563
10792,308.788113
20121,991.940177
1754,15590.023294
5676,112.979630
22471,1372.426882
6118,193.654306
18267,2224.599621
20101,661.852908
26159,199.198039
727,1610.273193
24612,471.346828
25990,2901.523807
12182,10831.508357
26653,218.465254
6418,497.354408
13265,172.571532
28644,138.574253
20975,955.425714
22936,3522.735611
13100,99.185473
4284,53.658999
19804,1618.978211
12112,159.845655
12533,251.959702
26829,229.422617
14824,128.608566
1682,5717.580052
2826,140.980353
13575,953.254238
22598,701.479399
22001,2450.900715
18379,239.447263
20963,773.334057
24454,1252.692363
7971,62.678923
24570,674.210363
4710,120.833414
26762,1908.997355
26464,3729.962445
22654,1679.678945
27818,801.398707
11802,103.389237
19775,3960.663062
653,1722.241165
28650,76.931703
8952,187.020208
12080,159.445019
13962,359.654436
6119,323.310439
18703,392.636852
20842,2986.294086
2296,11643.658508
12056,118.054540
15610,601.672409
20184,825.997275
4093,176.058938
6296,874.875297
12517,217.046587
26792,284.207017
17155,996.576546
11519,152.509514
13512,133.639176
4106,125.505208
15693,158.135789
23764,209.216684
6471,117.751477
17859,419.956363
27704,263.146089
17313,3639.472579
7855,265.123761
26613,594.236284
12081,207.292101
26128,265.006320
12028,213.652729
22174,1474.974938
160,4859.435519
24574,1429.110673
26238,982.197177
3865,120.693025
7107,247.543005
14435,434.629616
26344,25557.293520
8006,97.116301
26434,777.886055
10445,129.726507
2213,5513.461714
19102,760.203842
21644,2338.541568
21985,1987.692515
20169,937.103366
6925,179.895249
21592,735.169677
5925,217.883715
24747,64.188217
20813,1995.890758
13137,211.864199
601,1949.967527
9528,422.614836
21492,1376.916379
10149,422.304341
10238,549.737204
6744,138.440446
8111,67.404476
19713,5308.127698
23653,2746.653450
1086,922.651901
4887,327.074591
587,6430.456418
5051,108.980722
3570,166.227895
28095,1399.482831
4165,523.077456
5628,298.077366
22695,3147.232273
9971,1182.712349
7952,120.252731
26342,22052.816367
1554,20903.326004
19677,2947.980776
2487,3942.150079
8275,46.702418
25739,1082.705552
16277,465.644289
13020,409.457745
1159,9287.795788
18923,458.659518
15989,131.835274
11348,325.775527
5960,122.784751
9910,91.360512
15697,139.895268
4852,141.136010
13846,227.371855
24401,436.868183
20250,1726.031303
15122,197.427851
27551,1782.415422
45,1898.384013
12193,429.019315
2337,2598.547056
19806,4662.629601
12565,215.722797
18674,707.176588
22556,3700.102529
17453,342.296852
1,14339.660702
6215,158.463516
5667,176.113209
25843,739.515361
4646,158.333011
11575,686.693341
17312,641.323601
14748,125.205972
3852,83.970533
19607,4214.381882
22978,1671.426252
22214,4271.154475
16038,316.707475
12893,324.746383
3562,161.032241
28512,627.946077
24508,3525.890099
3080,710.468491
1419,4273.135190
26436,9103.915066
23005,2000.164650
18932,737.297114
4700,90.438891
17406,516.000378
8544,276.295763
7618,103.133378
8043,425.431477
21942,2967.877101
22028,5434.466629
6722,172.174226
19321,1214.354227
9953,100.759329
23257,568.386133
24916,2999.953186
19685,3031.668898
12420,116.921736
10573,5240.459292
13930,115.871272
7559,202.568685
13337,385.351451
6287,3044.845153
28679,440.280800
9859,90.893504
4782,269.885129
19928,415.746937
24895,1773.195205
23297,770.008657
21747,1836.480089
9354,124.258937
14427,135.633466
18670,556.202761
15151,7313.939775
22460,851.903378
17498,230.780668
17337,1383.811648
743,2543.144863
14668,275.220543
27349,200.218280
1920,12513.400750
13301,98.418125
6226,149.245853
26438,9498.187338
28202,8520.725100
22199,3141.404160
10690,230.427073
26164,72.769315
26408,2526.459763
5769,265.452370
4216,203.685050
3306,199.909066
882,6324.512191
27623,6717.770533
19375,982.780039
15093,148.400239
455,15107.245207
4669,111.854796
18338,618.909824
8946,172.157255
3989,319.403224
4354,113.922733
27313,3361.618530
5951,560.663602
21960,1814.804276
10268,769.140543
14841,154.408636
16407,906.904535
1521,3459.645992
3250,121.855711
14297,555.941268
5625,395.360892
21312,3647.297385
7493,399.719592
21912,1832.372315
15271,1342.669455
23385,3089.108756
23470,495.420095
1722,1681.355638
4738,81.865876
26643,264.935593
7662,706.042911
22949,2482.675168
574,6759.731188
27092,460.653309
1763,11016.357645
5699,132.386362
11176,221.496076
25002,2145.791698
13620,383.280372
18830,301.578886
16452,327.693572
27812,747.959230
16631,631.980643
13010,329.572256
19108,1496.498700
10633,126.264275
27976,20.340324
14724,520.163056
20993,3585.661757
617,2787.047820
27435,653.372849
18708,375.520210
20445,4977.336981
8148,88.689642
26165,251.982785
22633,1860.912814
25643,25624.004889
18198,859.633274
9571,904.723216
11185,109.802264
10842,91.202658
2072,24624.106444
18965,295.539354
27188,208.365599
1250,708.304212
24645,345.647335
28339,353.107594
15972,137.292617
18523,307.312286
14163,273.959360
2233,2345.596410
1099,1177.506657
7041,241.604103
15912,302.195889
27961,1867.464254
11508,72.813192
4140,130.167572
10694,610.988272
8351,105.467758
15756,193.040059
2868,105.181492
4716,234.621702
24462,150.082332
14719,91.599936
2154,3164.110165
12974,180.345568
5324,154.744067
3861,423.991995
5642,671.758242
18740,582.636716
6542,216.109540
843,9229.323302
736,9379.554639
17042,1281.410299
11083,436.166442
7996,371.424455
22439,2752.913523
23156,520.937531
19363,15264.140105
8676,723.129625
21972,595.627090
11645,2594.931659
9399,89.514076
20322,9911.256311
19888,617.894271
18057,341.732085
15584,186.755216
12413,94.331853
6423,200.395603
10095,302.162834
3696,428.569268
20625,2429.930939
10497,2237.311010
6705,189.718004
6081,409.085673
10818,77.926702
21543,3228.452785
7359,178.334790
28260,5496.588559
19012,4880.525857
12928,227.879779
18144,3464.614758
23364,683.106960
22401,1182.690875
17413,1454.388576
8124,89.214995
8063,131.081172
28136,2945.131233
3284,127.068494
9439,129.347724
13260,95.217782
1773,24198.098716
8413,199.514549
3309,79.605677
27065,474.215810
18134,1787.206681
273,973.321027
2362,22010.410853
22257,547.504174
2476,6403.214186
20582,1282.336412
20064,581.801772
8377,154.089484
5338,125.581845
17336,464.735566
21778,1820.971792
6484,255.424508
12330,898.851107
20716,1329.108445
12968,269.056999
11206,112.781883
8250,221.234392
26871,2021.462972
27563,501.335814
9304,210.063235
21236,1689.323582
11264,132.511155
27542,853.028983
4764,119.389793
4739,65.783009
947,3303.297076
4915,145.554642
19393,1828.251095
27069,866.775158
16688,312.823276
10685,142.629334
18801,1065.781951
12724,129.813110
22605,9814.029683
27569,14429.868847
14267,421.885240
9425,136.417814
15666,130.768579
18428,468.333670
28810,16271.484083
12418,179.243966
4905,262.390706
9825,519.443672
11915,323.565116
1263,6619.723081
8350,113.643837
16025,148.283675
14438,569.675383
1141,1936.083625
10490,235.330047
19006,305.350553
781,4495.196973
21627,2355.329267
25577,1233.939746
27826,327.062083
5008,215.044005
19590,607.292299
16745,278.446447
21490,1672.756310
15397,246.748695
22555,6251.191312
12579,98.380304
26555,3050.625326
4747,92.452364
9997,408.827640
12264,235.762630
23633,806.906430
11571,568.868947
1040,19902.476233
6214,121.687995
5333,549.146927
25924,559.125063
12147,226.819237
8246,221.014710
19067,628.781297
22656,2753.485186
24949,1132.245421
14944,205.292818
5680,157.617810
23927,1140.403987
1887,1314.591992
7305,245.329559
9200,213.186981
991,2343.366452
1349,1161.126947
22116,926.963957
27745,620.759144
17319,1766.010332
19963,1854.446931
5364,120.446258
19900,3780.444898
21401,2011.650824
1600,1505.717294
27011,392.048733
24455,1328.198357
3697,180.927177
12364,313.553720
28741,1303.235669
7673,174.412329
24494,698.847659
9542,301.732660
25719,1242.014531
27067,5329.269075
12336,760.226752
19286,450.457883
1591,5395.754966
14645,265.239185
23507,927.009091
9652,190.943987
5901,429.179535
2943,141.002245
26100,2023.530957
13240,197.929247
24238,2737.971103
22122,684.853438
15280,878.584457
21366,7665.830176
19178,1112.991596
25775,2025.554580
7026,1140.760873
21181,5086.625284
14829,165.277278
9393,161.582243
10029,1379.583399
5143,455.758745
25952,429.840333
20214,1606.005328
23142,2495.204351
10551,198.263396
12962,358.149381
19746,668.297188
19054,1334.017164
3913,112.840462
4001,386.264886
14523,154.906507
26394,5501.132555
23665,1287.734259
515,1419.483262
2472,2027.185249
20931,924.366340
24731,2735.265900
12785,133.351766
18598,372.310028
22508,2239.839465
15946,231.182318
2173,16621.154091
24175,1177.492095
25410,282.839180
26814,278.007346
14791,119.941565
20870,690.470740
26247,357.466124
24229,450.795059
19463,794.607681
15120,179.263785
1676,5149.809117
16439,670.622385
20186,1129.871076
28254,1032.012489
9948,131.178703
25600,3571.069740
22451,791.486929
15574,118.226120
27177,974.605113
23067,3974.604185
13030,111.126117
10782,64.186746
26969,1163.054675
27727,7.348795
25615,2074.458173
15175,2074.271390
10174,137.624899
5328,133.095682
15994,174.771484
23638,163.659082
24835,550.103509
5716,83.819847
3698,483.951137
6293,373.445473
19873,648.486296
14868,165.393859
26635,769.345795
4853,513.608379
18947,280.580407
23739,1851.443911
5430,242.014040
23731,384.255594
23850,223.617836
18596,606.730493
11946,692.617032
27524,169.539440
1968,20772.066199
15148,3287.643490
8183,613.197662
12362,164.638294
5409,158.803160
12428,257.471342
18072,18151.129057
949,2052.202935
8445,146.338033
11963,161.914492
22239,903.571729
21793,211.279196
6597,318.250697
10533,304.707327
8432,156.341260
18056,338.282469
2238,3740.427570
17959,852.092179
14407,546.743938
26540,1467.286557
23514,730.453324
28195,4674.694435
12865,659.371564
24484,2076.452467
8239,381.355143
6792,221.824217
9572,146.772886
2841,129.503710
18986,312.027690
5416,130.998825
2155,4111.184469
23331,157.505961
24042,446.521749
4941,122.728459
23277,400.997417
8756,319.080219
23770,399.619207
10474,791.417655
9955,131.937120
11457,140.676543
21124,453.872443
14932,503.950820
26529,702.616940
24987,1713.760378
24388,274.649338
18103,1545.255350
8119,181.157103
2471,4521.454135
23192,10696.309287
5241,145.085612
25941,1172.501226
14176,144.140864
27090,93.166029
19117,1073.294606
4484,329.705190
21682,737.998030
8820,1927.629547
8040,97.620939
22317,1534.265315
20173,2433.054948
17524,656.753356
7874,274.892065
23153,685.397004
11975,113.628692
26359,5464.577263
1109,20383.369254
6191,110.342381
9970,194.899863
7981,189.474353
10393,255.930049
7361,307.775747
3122,306.297595
14576,1129.897329
20985,794.552597
9155,128.493021
13968,116.652082
16435,830.678566
72,3273.190671
13389,191.914431
12250,169.462047
18975,373.911201
10247,144.655094
19091,787.097703
13417,153.663882
2914,83.506990
2001,4802.338858
24727,1731.940685
13013,175.596325
22472,1674.555935
5440,102.507950
13485,61.986311
18526,364.483305
27986,1660.114920
23245,103.913795
3200,117.387712
21994,2405.307365
6803,70.238498
26205,1180.948821
12113,121.854735
20733,1591.125138
9276,100.589552
12376,183.160460
11184,189.408565
24838,2864.164407
10206,311.387197
16099,124.391358
14476,664.945565
22532,768.691441
13390,288.157373
28073,7899.080511
11107,149.107570
10606,149.958357
7807,120.991232
20339,814.523936
17909,484.666745
22280,2506.567867
11927,147.672341
26400,892.788044
26842,122.615759
4653,439.073177
28144,1426.286286
1422,1876.945373
21613,904.480847
827,5716.264206
13787,340.142276
3343,94.924335
11828,95.768820
9257,106.112117
28081,228.096802
26547,126.426602
26133,1852.725942
24127,1922.150720
263,3609.753687
25763,1725.333783
10210,102.828152
15413,126.093676
18956,482.830592
7432,345.646387
28228,3316.714919
11638,1229.082395
9350,146.318492
10603,132.173454
1702,15746.408131
14815,132.230410
769,2641.113704
2099,12880.112639
25528,1640.792665
27394,464.472680
25593,3836.160507
11150,582.133814
11217,461.472197
3039,157.422465
17915,6868.094215
16664,503.440151
24937,2351.270812
5065,72.584222
8496,256.187558
16842,265.330718
8884,110.044027
21606,846.223908
21067,636.412495
10470,327.603074
2105,5690.428329
20863,584.108848
927,19412.227561
13521,1131.814425
3642,275.805238
3085,1296.711460
14737,104.300564
19662,3069.131187
14254,3830.344812
17466,1327.962669
2015,5394.110423
20204,1413.734668
27927,1243.330875
4156,271.451331
17797,436.034716
3634,121.571959
11502,142.458620
3041,120.682984
17104,4697.164148
10386,278.645618
26427,4674.396428
235,3749.268476
22652,439.718514
21379,6649.602651
19308,596.052514
6255,114.636445
25275,97.038915
12620,211.358773
5785,95.776122
10634,161.662183
25048,679.430327
4289,326.746766
20806,708.624113
18766,433.142739
15274,485.334577
5839,156.563468
26500,1037.650447
18871,666.149317
28719,340.000490
9201,239.918076
21733,1865.144619
19079,2223.984487
19821,1471.920276
11815,377.122878
10161,1372.637114
9526,738.180635
9705,636.569919
8888,160.425201
17982,460.212281
5407,158.803160
16073,306.207104
5634,171.992536
24861,102.006337
15593,282.053722
23442,4338.960919
13999,140.569412
20920,3502.071755
5198,153.300089
16881,421.988966
9337,223.068218
22577,693.113176
7227,151.566154
22796,475.086235
18407,470.810950
25017,656.471848
5248,121.874689
18888,437.261424
14471,258.885353
22523,926.946660
20502,3063.604516
16725,209.433097
24930,3956.544800
5738,96.884090
12027,186.038025
23866,30463.086341
26362,593.281169
5255,102.902326
7502,733.566593
21812,606.976843
21011,1471.525249
11692,982.386401
12726,145.106826
24405,1074.729161
1908,1185.936381
5794,108.230282
27854,1185.708633
27531,1770.435250
5031,147.590056
20217,2155.015618
16504,224.387051
8548,109.181328
19903,3146.220743
12306,242.094137
8107,173.746934
24032,3057.519552
20809,5528.564882
23924,758.048628
27910,79.618612
3003,155.510958
16328,7489.125857
9956,83.108787
21315,7424.936255
5948,132.213558
13333,135.049020
27566,295.514099
17378,319.605325
3742,110.215473
13202,174.859460
10944,126.832890
17166,613.236259
16013,414.866976
24876,1808.778194
17861,1000.253039
16594,1023.597099
12044,234.965187
9072,426.423789
12653,112.948908
21228,3517.706877
24946,1671.757830
1121,1915.027420
8511,161.235924
21346,945.691082
10452,237.072895
22826,415.045259
1471,21359.301530
27339,524.077528
1029,13974.865392
18244,1718.198325
27138,714.482469
20607,13539.286911
8057,235.641797
23647,1335.152680
4809,467.905531
9103,2237.807223
20916,694.391880
22,8035.455359
3917,98.112840
12088,445.988026
13810,142.379842
9701,171.852619
24888,1954.286257
16104,191.975951
27959,87.481973
23126,788.571427
152,2010.594507
214,9830.893716
6889,175.583925
7650,316.135337
8721,233.505617
2451,10133.637812
24779,832.259294
25467,189.946591
18196,1021.067308
11203,126.358619
9818,151.311336
28791,72.992075
17811,1301.406288
12004,967.599556
1582,889.140221
7035,216.607991
13920,296.178694
21121,1677.054907
15237,1820.930772
24683,187.614626
25501,1418.291017
3596,221.237221
26278,88.501240
26091,294.957352
25204,1773.355343
20553,4167.790787
12202,363.345489
133,1232.423397
16607,886.260160
7951,99.314675
16902,263.107756
11934,106.920158
19796,1650.205401
15339,315.539518
7510,170.498380
3078,95.729841
6154,608.501251
20148,1329.312409
17065,1802.879628
1688,3235.392267
21714,2448.061543
15425,229.906054
6057,560.459090
11229,107.966016
21844,563.813634
2083,6237.928295
19469,697.221939
2873,214.864452
25679,1242.603609
11719,223.133863
26031,2895.067944
10954,221.301568
27492,2639.109281
2363,6012.127042
20433,2967.183145
18401,304.369337
6403,481.007015
9920,137.924471
14404,1735.858519
26698,2405.428093
3130,361.281537
10693,256.918262
15361,496.295328
23361,481.790248
6749,568.358476
23745,583.893950
26997,1206.514994
15511,338.975597
24007,6833.127036
6000,704.532844
26661,6031.242710
15275,161.654940
4403,102.587652
1271,3347.317449
16812,393.868064
4507,103.849048
12697,135.784220
8561,1459.927310
24520,441.555089
17838,560.331545
21521,1736.290170
20395,444.273642
3070,191.046437
16237,184.406977
26561,910.157193
2261,4720.386219
22334,1924.063002
20265,3260.697248
24820,387.997107
2209,5017.718934
26329,757.544093
24038,1150.498742
3878,100.977719
21605,573.453882
2460,6532.027927
25009,986.000484
1105,935.684544
27359,1993.021102
17662,2539.173675
8585,521.883208
26845,319.128582
17761,886.979153
1291,12307.479143
19310,1586.947727
21760,2107.371174
3614,103.654295
25662,1785.598797
14707,214.580986
19543,1104.224592
26250,282.414800
3100,1823.797702
9934,114.317018
10567,180.687562
12179,105.523380
18089,5451.151885
14511,303.760003
6495,782.641463
21099,947.855413
13573,259.103671
16304,840.690271
24098,257.957493
7332,113.196482
13995,245.975372
27340,959.440278
22907,2652.755163
16357,360.213707
10649,152.095243
13798,113.097809
22242,1848.789582
2823,108.342391
10183,277.653660
1174,4050.649715
8138,55.536426
483,21059.744314
20230,1002.957875
16315,1146.784493
17875,235.905394
19485,531.463021
28041,10638.596609
11761,664.771966
16404,898.989666
16040,316.707475
20657,1062.042804
22461,1341.238682
9505,492.302296
17667,498.245026
2392,1022.439866
4071,401.672128
24438,1493.581052
26506,2493.986899
2406,8289.143345
12733,157.471928
18221,710.701624
1901,4596.561370
12688,78.988969
18653,163.278126
25233,296.473119
13190,91.847373
1187,1780.151111
23722,605.082732
20032,6008.462291
18052,336.664478
26345,16729.031699
6586,167.573201
17980,419.504348
11783,135.234456
9190,104.783906
21765,2383.842529
16713,1920.440472
22270,4819.729190
20555,2114.328289
5100,100.411145
22513,467.101351
18784,11858.545894
5552,176.207492
2346,8446.333353
5161,1063.210161
7870,234.083528
15902,220.158878
1064,9143.817010
19388,1263.330435
20517,3300.413573
19138,3113.303533
27342,14852.793379
5055,187.116559
9941,93.425668
27969,316.976147
20373,872.360357
2119,1957.215891
2678,171.016417
17643,134.112710
27077,173.358992
6268,101.139236
27223,9750.239580
9165,222.563997
9258,193.610209
9733,96.067719
18310,524.040457
5117,3516.521731
28329,11.633671
11342,84.881475
9391,159.678575
10825,397.023671
25906,2015.611330
18512,476.267486
5777,499.914799
13290,172.242898
15197,2634.924608
9636,291.133432
28163,3855.203033
16228,1840.958087
19629,1479.809218
12411,177.464110
26018,117.775529
11781,2309.152609
16479,2239.279734
26620,353.813393
24117,773.386035
6639,289.203187
13281,119.497460
1511,8967.947508
11881,383.126038
25257,594.785614
12282,252.161991
7089,461.859939
19613,700.980612
541,13176.860166
2910,99.150063
12827,695.235063
11172,219.599787
4267,216.853866
360,1629.568649
12513,194.114766
17252,1759.680701
23666,4503.612732
10284,266.875010
3207,100.680699
28563,622.208935
18081,2824.476091
20391,704.163829
24862,4497.833926
9294,297.123451
7536,259.071596
7579,403.421872
22126,1652.664817
13857,129.314988
21835,812.899998
7707,117.202077
19231,2484.665679
6179,673.641876
14812,102.698153
19561,914.587328
6558,130.762997
13784,168.304149
6590,138.204397
12040,134.707258
14152,269.752893
20946,1520.350892
17364,1853.316048
25400,1516.243326
21342,355.953989
22737,1393.928887
6366,116.549020
25374,32.473701
6340,243.450995
17323,521.291670
28100,6381.400742
872,6324.342815
14458,493.917193
27689,1786.614001
23928,265.081260
24706,311.054632
19817,8475.108068
13351,2035.952046
4396,173.370593
25566,468.265981
11770,188.263056
4897,243.687826
18140,6332.255419
17389,442.828294
15484,129.300706
11718,314.285140
3161,217.688662
25358,1681.621295
9202,110.011814
14665,194.586249
22529,1232.010825
22418,4294.691381
8193,1712.346113
8902,208.466527
18728,473.776222
5723,142.104555
2117,3550.133557
12204,951.207644
20411,954.298853
341,7117.267921
27993,13669.939856
12203,391.712895
10450,231.561811
2699,158.642169
14801,110.210802
23393,3697.089812
5749,110.640884
12338,111.436247
12248,274.201671
26466,6558.447283
8141,62.156771
17002,368.310661
25594,6572.867964
2624,5187.835329
20181,1220.184056
794,6371.952559
9952,77.727317
16956,176.445916
18665,8745.274888
6727,93.447287
4837,100.539732
19567,1925.312022
239,930.209101
16008,149.569008
4224,233.987293
4016,201.928935
23762,700.248974
1032,10990.549071
13223,100.161099
7073,328.354423
26769,840.625845
10371,270.324249
14270,636.844231
15822,524.377698
10084,536.718064
18732,246.592954
8362,155.747470
20233,895.055464
17608,684.899666
481,685.688176
5239,158.557747
21584,1453.819319
26641,1421.295547
22098,1465.722327
10236,768.016037
12344,260.312651
23903,1144.094962
24936,1292.969490
8378,132.840043
6410,184.491592
9546,3121.523935
14757,116.454354
24343,3294.529323
5533,334.730024
25457,290.602484
13519,1902.346485
3109,1159.283521
28089,2587.811398
16198,1537.051876
4513,173.258991
20419,790.850539
4591,93.836419
2281,16033.848248
22351,998.006257
7778,290.414514
729,1304.341032
9654,305.996297
9602,6901.316079
25453,1248.089621
13343,170.071712
20888,1247.549445
27439,3309.396466
347,2362.342972
10953,129.081332
27519,1414.906655
27652,650.620864
21705,1813.666093
9852,91.468049
25485,160.006169
28552,1284.736315
4350,97.999619
22179,4968.920946
19707,8162.225858
13880,200.595606
23585,591.340808
3291,165.062749
27878,3048.984475
25368,229.522627
3066,331.049773
11149,144.004117
22091,727.451694
24184,299.277135
20723,1013.802039
15399,532.308560
8983,103.412261
965,1179.541401
17430,712.081754
25242,230.268921
19329,719.066495
17799,178.869873
22646,683.504870
13991,357.967783
5135,232.826171
7117,88.160980
16101,102.048350
2193,5401.239554
2378,7473.586022
17210,1317.385746
28194,1141.947604
10893,104.102837
2390,2506.871425
3289,227.244526
392,1931.429813
27775,3410.236043
22886,1323.018651
8036,389.939558
3220,59.404257
27765,2548.819024
26113,225.159249
8642,235.984593
6082,111.792786
10566,72.796500
14381,813.565690
19230,6344.998994
21577,4427.342383
21020,550.121093
9612,115.996578
21125,1911.186491
1157,2526.008489
23523,993.626296
19170,3519.195316
3156,248.817554
15726,148.675011
19216,824.370051
13432,2773.171783
20780,1126.465508
12830,716.040433
9805,429.153747
24649,495.281853
22700,199.173118
4241,133.795301
22181,705.766323
14092,143.941392
21902,1256.617277
11411,193.862752
16778,512.230945
19277,575.974230
4364,82.460039
6651,737.523661
4571,473.758879
2986,71.578651
8517,88.285050
16166,993.718533
5318,226.439170
16262,1413.048601
17882,476.543762
25541,116.166130
19206,819.487400
27249,4871.742697
16139,902.222655
3858,181.494735
16365,657.025861
65,4764.524388
24512,379.400726
4832,143.010138
21715,977.289993
21540,1574.814069
10896,124.982275
10913,80.256348
25498,1444.286332
19317,1102.390488
913,9435.156652
3493,173.097391
15783,319.855348
24904,4526.468148
10916,94.269337
22448,1184.927568
17488,1250.298186
964,3078.266158
9495,91.519260
26385,1756.326641
21635,1071.140091
13449,816.980607
21787,451.880685
17114,2063.785320
1935,7217.737243
2421,982.824651
6223,167.272627
8656,113.538042
14662,394.085669
20739,1758.067168
9922,112.366364
2599,750.904626
20285,1711.231964
2093,4244.428632
17203,427.492888
10346,789.880624
5538,188.627410
16334,1031.686844
25150,549.849965
4522,134.226216
26191,208.370706
4074,136.494645
11683,213.221028
17098,10504.985182
3623,161.143669
26292,458.170216
16919,280.537783
1354,1025.663683
28389,1897.692958
12716,114.652254
832,1346.946653
2695,800.677766
14553,200.228510
4918,81.843504
12314,109.851528
1891,7719.292223
2324,8297.195956
18696,333.080255
14545,254.521319
1643,1734.690715
19306,1666.667789
12158,125.993339
23174,225.791241
14579,207.262699
27428,696.534397
189,18383.473208
9908,165.581229
4258,97.101034
1749,8229.860663
13908,136.783176
16205,3321.134088
17123,1003.039253
2619,8990.491902
26203,91.873246
28501,3220.401517
11820,98.556662
3228,109.160215
21593,1213.757855
8125,109.297098
28191,306.100508
816,693.130088
11270,128.220204
25138,1401.579876
27151,688.136840
22852,212.383831
18587,535.562275
10384,235.339592
14356,520.979455
14609,1617.873635
21316,3823.320484
26271,78.455873
23695,838.504452
11404,81.608417
4847,231.651853
25119,7713.114888
24839,517.445520
24765,356.965622
2803,285.157230
11011,4788.532481
7573,196.487871
8644,231.698480
24702,316.568907
16036,234.121243
5358,135.742471
22716,242.391035
25764,1124.165616
9666,303.867562
18329,398.403341
13091,76.824166
18617,1885.274956
17772,383.561765
22373,1153.662358
11964,269.124070
1857,8243.977410
26823,1406.833986
24282,4651.646000
2395,8052.422603
665,26128.388257
23993,413.554173
17750,252.843743
1304,8349.933471
20072,2290.013818
14759,726.162477
8552,144.486253
5624,1063.982505
20622,4921.227075
25184,500.052569
23779,698.750841
19342,583.777534
9551,1017.573094
15503,149.923241
17189,231.061031
22026,5521.634586
6689,2484.509850
20729,1089.807661
6614,129.045392
9090,164.238313
21633,5810.697756
20787,2253.144770
1449,4146.701002
16226,177.980373
15872,183.907767
12742,516.255052
16746,283.849596
838,13655.947792
2144,12162.543509
1199,3961.885282
27114,523.390291
18141,3917.977278
26225,67.064448
5126,1950.596977
11922,234.271614
15385,554.238735
5704,115.332391
4636,112.606152
17201,374.367258
18824,435.668327
25237,758.670007
15422,146.252032
7655,123.979393
27383,4737.634640
13144,211.551739
12685,164.029469
3644,206.473190
9723,136.923362
17835,83.995290
14221,82.959517
16952,470.074233
16213,424.417079
11670,320.174425
4488,1190.571288
21889,742.246073
13647,797.085314
14175,78.814698
21286,1844.784552
490,4329.449512
9199,277.143532
14070,251.452916
18090,774.662473
28048,11630.473469
3229,116.896844
10968,98.915088
26652,1002.622839
5109,74.846206
19612,1158.687926
13154,109.751142
9892,177.437787
18266,355.067108
26638,196.877546
5810,103.799468
28114,970.031691
7021,735.741044
16415,514.280658
1115,4092.061471
27399,8361.540983
14068,115.403899
6106,377.366765
5825,175.635801
18584,755.472983
16571,417.202621
11991,120.937434
26303,354.755496
18667,825.818201
7291,113.945269
5607,150.453651
7374,629.181250
21040,483.762199
25862,971.397865
7520,1048.593366
10491,1242.853840
14208,110.932621
13028,95.642280
22441,11313.839152
19518,497.964866
11829,136.414019
11477,189.971693
7389,400.057887
25223,1412.064745
7810,426.392564
21464,1220.274564
2343,15618.290232
18142,851.511537
18542,462.336815
9820,165.491360
7890,135.152082
1098,1972.736769
25484,1966.047651
12806,730.106870
5448,286.505901
18930,869.198927
7219,132.156526
8922,133.839764
14930,162.604261
17513,572.646379
19967,1317.447453
8422,62.927665
8157,601.370253
26696,646.339096
5072,171.679980
13863,470.812030
26649,5243.292398
21118,2544.897251
3868,209.463263
14155,58.083419
12174,168.355133
20801,887.640127
21255,2480.540716
20036,2181.837500
20137,742.472209
23001,3009.353413
26136,3943.600186
20843,1116.265375
17746,540.319368
18730,166.345877
25171,547.607858
14781,135.644873
25152,153.860996
5429,380.748128
11222,282.792676
19838,1675.555490
2883,268.034870
25355,126.557558
23374,1031.639873
26186,367.854403
17360,806.526144
17205,9441.101513
23644,661.581728
866,3477.712706
3175,261.185665
20864,503.049471
13854,475.155521
23376,811.124391
27479,826.362691
11681,878.692886
5963,2146.190089
26201,1656.977949
18286,194.774118
13107,99.663637
3853,504.461189
25803,62.074203
27511,3806.267295
15247,892.007369
3690,1180.780346
27355,785.829145
18640,913.362849
22343,1728.513331
5706,115.451109
17182,2002.575950
9591,104.344770
3135,189.534364
23214,189.715504
1665,1557.098218
17575,420.062835
6843,710.772394
27035,805.553857
8508,174.733907
8287,172.871415
20681,473.400865
22669,693.942203
13667,184.479612
19698,4512.945365
23864,1142.163763
17242,3229.200268
7916,550.940751
102,5998.490977
3781,161.401843
13866,111.378341
15945,409.435352
19758,1456.508232
23451,392.409590
6710,734.233382
11459,166.546183
26265,857.842086
18664,3307.273011
10031,276.566385
27915,981.604066
25091,352.569683
6284,1333.972826
23017,1213.526916
26917,1927.095608
9366,514.210462
2920,92.363088
25975,1178.536367
21331,1465.703074
10066,170.574977
24103,63.652402
790,1670.909235
24699,64.954442
11585,1463.169716
26350,8579.729361
1061,2160.191434
7712,109.978929
22367,781.036627
1107,4448.474342
19376,663.967813
15251,222.597529
20097,2006.732965
26424,6886.380005
15224,835.287982
17175,908.711836
28597,792.624717
14562,290.659052
10770,138.778486
11066,857.807810
8862,363.563521
19281,696.107736
19302,1428.386521
12563,146.528463
12169,676.759455
16601,361.819905
23868,727.496164
15062,118.711415
283,5800.455431
27653,142.084891
27198,2493.224209
5216,95.192330
10208,190.357148
1661,5676.381229
2877,107.536154
4470,413.231692
5119,1320.327902
9407,150.229692
11121,198.988500
908,2328.241706
20630,909.181942
10899,602.205645
17898,546.550729
586,6430.456418
18799,66.122469
25620,1513.037939
3110,236.390965
18629,940.403261
21229,615.769604
22564,538.982108
20240,994.657904
24966,4170.040511
6059,542.363922
22596,2868.848963
6282,425.051266
12623,113.179797
8130,69.011274
1813,8160.492496
18282,496.316103
4567,122.071709
1944,4529.776913
20095,945.791510
12091,174.442805
18058,439.882217
19150,1424.076817
12791,105.597502
19051,5040.702779
27953,938.213570
8606,168.505142
24252,2025.294499
628,6365.438175
20026,6631.750354
8856,129.539276
20085,2672.588622
24772,2082.762682
27525,2007.545820
24200,203.844541
25919,2747.682107
24300,2548.053710
12329,117.210563
18645,596.065221
13644,208.335174
8674,209.851788
26077,229.349850
27975,490.827246
2011,11224.724595
4885,138.307222
8494,524.644947
19390,2068.745731
23998,299.991117
12359,284.100717
15571,268.226781
21995,2368.169151
11434,81.821899
1556,12703.949769
1295,1999.831085
12624,485.969533
14504,425.871731
14939,63.430492
25447,6163.932717
13548,135.427999
25037,1328.344736
26821,6742.472166
698,7296.420039
26557,5112.034827
6230,147.487182
8825,1287.141725
7987,596.935170
25599,8839.991214
21877,1396.076932
4786,135.089900
7891,99.699101
26338,128.151773
22905,243.564409
21617,1093.820440
28652,2805.967691
4659,136.240878
25,11109.432634
10057,103.783675
15094,187.873646
19694,536.960062
17901,2556.095563
8146,249.759230
25335,277.416301
28370,513.590859
3375,109.455718
1850,17857.330267
25201,302.041425
7181,211.135284
27515,1237.491402
17559,635.293411
17350,659.139641
22837,583.515518
19191,499.514018
4946,179.283987
14266,297.845858
9146,215.405992
7062,311.471243
27093,570.509976
17654,943.755350
8835,118.456702
25417,91.177025
25712,621.816786
21620,1161.564096
28121,11549.206288
5802,367.082770
24010,1603.561551
22177,1011.995122
28764,1359.855888
21502,527.958297
10336,126.467123
17483,837.659754
20066,706.178901
954,7429.025250
26679,418.846693
6449,497.444857
5665,176.113209
25291,477.352152
21414,1346.188884
18560,759.610808
11613,175.571172
17763,623.643334
23488,2088.331251
6654,176.525899
13800,76.192823
21937,5646.154850
13517,1114.775227
19932,619.328548
22022,3737.861140
27371,17599.527732
23078,3048.564687
6003,311.824423
21566,1981.908908
12463,246.127388
2264,11517.198980
7894,304.768787
25591,72.163793
25324,1798.082417
3281,1294.024146
1215,682.785497
13367,139.980763
8648,507.238185
2315,14413.104538
26483,1065.968456
18165,2288.853478
6679,120.636827
24326,2472.528974
15423,167.506849
25691,1790.353306
28617,1322.436814
20682,1764.146634
22328,5848.708685
18896,642.031246
3683,73.811317
28551,781.035969
4187,231.644133
27747,679.393759
1926,2260.109820
5488,84.080861
6022,487.391570
23853,637.461767
12272,153.108254
11581,442.562923
13484,389.683169
17503,558.810921
6246,99.329399
24556,1314.736719
9712,186.883300
26132,182.520999
16080,420.295534
24102,457.054242
11212,59.214148
15065,158.567987
6248,97.123712
19325,5555.831045
5029,107.828861
9107,528.046343
5977,293.540031
28173,780.923011
15245,1343.492503
28290,1351.703245
1975,4610.596321
25262,1896.527720
22321,4387.817857
9216,323.732166
25366,881.247745
23317,894.268321
24623,954.049647
28672,1509.162774
10110,175.079906
6864,97.213258
10148,121.326755
25689,3072.035911
6706,604.343746
8594,410.754449
21123,6682.533425
15702,341.582821
9180,133.700976
9134,144.187959
8293,1077.351213
18399,728.482273
14133,115.159088
5027,104.658610
1076,7542.636951
12643,93.001656
25604,4500.614911
17465,135.509847
19936,7776.896319
2788,155.737252
5832,133.535895
19484,508.712902
26371,6556.784796
16458,702.771812
323,1148.099195
28553,18165.245619
14049,376.985817
12776,162.269003
27174,259.334496
2682,371.554372
15925,188.329581
12236,385.665083
8609,217.254318
14412,80.381216
26405,13457.386159
553,7465.510465
14907,315.005904
22108,852.041354
4697,118.000879
13488,1721.283008
25828,86.757032
10056,120.787385
16478,2239.279734
6244,104.075354
15082,233.390804
15751,127.880685
27134,996.387331
11464,118.943970
26937,168.163455
3502,141.300778
15429,269.568497
27094,951.366696
20193,718.501419
293,2084.042140
20745,939.579060
975,7359.256149
3104,525.038119
13377,124.632081
10925,118.451988
4768,290.835580
19738,3254.392374
14131,125.555575
2149,9761.071217
13039,266.353625
26230,1248.532847
5517,367.441377
1073,7311.883725
4783,338.336290
20885,6120.011376
10107,101.780355
16111,17354.902735
22178,1883.261199
28545,3048.358142
1165,2571.225668
20859,3310.537440
26178,248.553920
4320,137.621371
28755,29217.842119
22404,1768.718813
27460,3728.278181
27002,690.009083
1595,7969.763647
18698,349.983807
11096,2637.767951
18841,478.323903
25965,344.051614
15214,1074.213905
3330,1030.016941
8798,213.263297
21388,1065.571018
25846,33.068151
11010,2984.048599
18808,400.841453
4385,105.027304
13504,539.820301
19885,799.884611
10599,663.324941
6347,391.774240
7744,110.595083
27729,284.947749
28461,720.357531
11540,1584.769952
3830,143.185072
8665,147.469023
8471,247.749466
14767,98.210534
2511,4559.602010
13353,111.872622
16135,13873.302315
21046,3029.236543
5891,2370.091836
23441,1011.935630
8145,104.724920
18442,3425.822569
953,4383.301548
7784,102.243443
9687,424.390882
477,1342.264371
26566,374.547072
1313,6638.635187
2382,3804.212765
21670,724.127209
13874,185.475666
5874,112.781285
13029,205.312634
11933,788.781420
3890,216.876460
1775,15560.374550
8492,155.944118
10564,141.316285
20679,2059.333287
11043,1902.644041
25159,2187.324832
22202,1821.288676
9976,3395.968680
19534,1918.477964
23910,877.451369
22576,525.719792
12005,230.805465
20364,1179.346592
11691,338.379151
25103,648.315453
1010,1337.894156
5175,297.824818
1784,13396.238432
27567,198.278187
22848,1473.459993
14226,140.629061
9588,456.795549
2313,28413.721915
11407,72.564848
22859,3226.802896
2927,133.496986
7261,68.839141
13675,49.842179
7617,132.597228
14718,75.819656
26587,1610.418232
21711,712.898467
20003,775.912895
24187,1626.235156
16235,620.781208
17223,377.091997
1110,12706.670963
23413,2471.974971
7469,479.212825
19632,689.529596
23843,857.917708
22396,432.923913
11644,449.016299
26656,1453.021187
1101,6881.069226
6014,131.206288
11767,417.414582
19409,626.079700
21523,2967.331231
28328,593.539935
9635,320.748189
10486,435.551243
12621,163.319005
5075,306.180170
11987,195.093343
26904,2186.878502
15099,261.235967
11491,142.422171
20660,955.400958
14475,373.321872
54,3973.958573
25978,148.180775
27143,348.490958
24821,96.804535
2257,12504.253259
7943,214.907207
16738,1575.443510
27040,3192.520717
25770,1517.609644
15455,190.484299
22241,2372.159737
6501,168.117724
18822,160.433623
7113,132.438420
27814,1787.953625
3674,97.844224
5899,330.011621
3153,103.995665
27724,2256.732674
15709,491.061784
5996,240.332903
1974,6919.639219
5302,147.118843
25133,4565.452627
14958,156.295281
15213,3348.724820
25946,4409.999843
17603,949.141738
5910,493.991181
19243,5966.975543
1491,14555.591641
2674,640.301733
28105,170.481136
11037,1244.909378
16287,1106.520650
11370,168.311004
13738,94.913899
13106,1108.669130
28154,1979.261705
12534,281.177043
19142,865.047784
4686,139.286234
8531,103.741598
22928,723.533450
14247,3368.718509
14581,2060.050538
23918,721.511599
16930,252.964783
26668,1063.521455
28689,462.409426
20769,654.602935
9419,166.048109
17700,182.417487
17939,363.480834
10357,143.921878
5612,179.738531
13778,115.371318
3448,295.568360
20998,1209.286045
16017,397.190943
19029,3026.308593
771,12188.863678
14583,130.725228
24147,4163.804677
14983,262.385221
12421,146.335412
2954,268.528066
2397,6731.434031
12658,47.310310
28731,5556.969576
26704,450.372326
18904,694.412422
28346,781.524036
11553,552.372341
1235,33364.034692
11357,137.199956
8762,113.784613
13753,126.142499
25508,433.462361
10767,94.927704
25956,629.438871
17979,419.504348
28238,82.149519
27750,607.278258
20475,4482.374356
10812,542.648802
7143,183.797398
13459,350.688721
14648,241.113504
11163,278.233736
11725,958.997375
369,1642.683915
8301,127.889667
26404,1059.344919
16932,524.387351
8854,324.393906
10791,1685.945206
17293,1464.648604
15372,2520.488142
26222,197.737738
8081,256.366797
16012,842.639339
13194,156.417839
14586,106.343062
26719,737.855742
14758,726.162477
27392,3795.688242
23483,1306.459354
11804,240.959125
18556,361.394697
10547,300.391822
23849,1603.835171
22333,2028.092591
4410,96.803354
13751,105.129425
10462,1132.533423
26519,1539.071031
15759,1084.628576
24528,808.625732
6906,225.471814
23749,1054.908882
22414,1227.333789
13379,181.143602
22953,921.824273
12936,2125.795801
22067,2043.873002
24243,2486.578563
10439,147.749042
8998,1615.678606
24597,268.193495
22660,3505.740246
457,2481.455500
28472,2782.428165
28449,7017.950928
20079,2616.770287
21117,1061.993921
17646,217.853128
17857,1168.171482
22304,3004.139904
16178,3782.339508
4519,297.225112
25992,3379.030524
986,1271.075842
8230,244.869716
23746,525.417025
19782,1575.152419
219,13525.102410
6678,250.072482
2136,3272.065009
15319,181.397325
27121,6293.556294
27096,2052.096878
28630,43.372934
7583,193.008421
26681,4625.929042
26857,447.289424
19153,827.517406
5752,120.262691
23160,282.012165
4715,180.093914
14701,141.392496
3893,139.492988
13117,142.441238
18408,922.296189
4161,135.031443
438,8328.621211
12971,231.196821
14613,103.149531
16240,8464.359989
25193,1330.923860
7124,170.956520
18231,149.165755
16506,508.442810
1628,3398.060847
2783,202.770028
2355,25776.998695
13341,100.593800
21572,1812.909186
26351,18487.037647
13943,79.126839
18755,819.780137
15427,364.160381
21506,776.479588
18991,231.032984
5976,97.726392
28514,1213.664671
5270,116.405394
4130,234.374548
4695,364.218524
24276,3252.553692
2380,8583.555307
17424,4106.696237
20777,816.351596
26364,2329.544025
20124,567.323655
27759,1799.971097
16574,349.352962
26905,804.859785
22666,452.293016
27832,1202.927804
18922,631.302305
19460,1597.342860
1808,11002.586271
10032,247.328972
3636,103.839243
5576,321.625269
14148,80.421653
6619,132.785982
25319,222.571722
25504,1954.485799
355,3852.198608
3995,124.640993
17187,250.954812
12834,565.777825
26146,676.420893
10775,173.775279
22745,353.312861
13976,88.547110
15286,656.921788
12738,113.470500
20827,2717.307800
18548,352.096779
16848,678.995649
2433,8126.566230
12561,126.009955
9083,1181.069354
24055,172.667415
11071,386.779323
27283,7750.297460
25698,4276.119917
1070,10112.492466
21981,1301.923096
24106,2227.321237
6103,144.094529
18261,2321.260869
2189,10844.332864
28664,319.950417
12810,102.671980
25463,1142.247164
25096,1239.715117
5401,139.060976
14846,571.369262
24681,158.264616
27667,720.515350
8395,125.539802
2809,325.901379
21731,899.505210
2831,119.457730
3812,112.935083
7237,94.704912
5050,108.980722
27208,9870.993752
26024,2165.625236
11728,142.974964
12047,99.873858
25971,448.361488
22107,1921.415095
7314,208.530176
28474,1069.305586
23531,905.818642
26763,283.939267
26634,1070.864311
9811,111.240444
25301,860.546445
25086,439.014817
28208,6574.942269
1282,5780.100893
23002,462.106827
14212,130.190374
21756,3146.640193
18636,1566.030253
12065,256.572996
22641,1839.364022
11541,3296.363969
22918,1035.730453
5944,859.562670
18013,523.616273
20774,356.764683
15441,359.618444
2928,104.987093
17474,1027.789928
6923,175.184726
16324,801.036835
24576,332.031842
24027,1253.493253
25863,1230.105184
13147,100.381122
15567,158.708760
23995,791.692329
7192,628.282614
3582,285.402722
10283,266.875010
13588,1536.632982
6285,457.643112
17301,7103.673996
7002,122.130777
25199,1276.712344
27790,170.790045
18394,383.526397
18260,423.696523
22323,758.837494
16206,3170.568129
2728,1047.972604
1587,21738.014088
14782,83.916862
9372,118.318853
26301,593.677118
23193,189.631663
8216,434.734471
8052,72.439712
5141,316.568549
950,2231.386623
19457,722.449053
5531,245.992081
1425,935.230853
24441,1253.733824
19691,712.176437
3056,294.900859
22236,3041.824887
9249,120.653263
27540,1031.833293
15613,417.198250
611,5270.903694
1632,3147.639843
28786,5636.380652
495,3304.204750
6913,124.153338
13933,160.738137
15249,2560.302441
24164,717.639564
24225,1576.959440
707,5956.302668
809,20858.632516
11779,947.119041
17660,477.784143
1530,25640.585117
16933,480.311964
26374,4415.778502
27291,1300.046475
26307,859.056761
11723,171.164993
24674,302.517254
12445,331.134241
26142,1045.021450
28094,3137.395278
16641,402.348641
26233,1531.516282
17161,1154.012440
20384,5223.060559
21317,3823.320484
11485,82.485335
24580,166.920878
10128,120.700415
11821,128.660704
16043,175.068690
21849,608.755766
14214,244.216107
3694,971.863688
26004,3156.839235
3988,917.242937
14209,231.449687
21712,1474.308282
14188,187.416752
2485,12867.252083
20714,2179.264819
18752,305.861970
28304,3181.775180
23400,1245.328182
28388,339.431896
12063,151.349789
18848,686.092000
17528,286.867276
1284,5164.064141
17965,356.165721
23202,246.315529
13783,113.354807
21749,3895.472668
14062,257.946212
19066,2242.714198
13019,108.680087
4356,112.876571
9559,162.013914
7758,112.991510
2625,1538.707406
15368,210.107913
9125,170.126795
9897,137.994696
13452,3017.543250
14252,1797.855194
20536,3639.228325
17418,749.830404
24435,2032.861837
12646,233.611233
17256,8810.296927
18710,1783.083993
20633,606.662531
19805,2922.264393
27921,199.679674
11480,272.750677
20525,2767.673469
9497,205.598790
15129,135.769020
10192,84.724017
21191,3489.316559
7347,114.327728
28713,5203.052508
22804,5846.245213
27413,864.666844
22632,1141.304005
9264,96.461688
28002,16655.714724
5426,57.317003
5714,343.184274
20031,1391.069711
26712,2225.612270
14483,142.174824
19374,926.281457
12171,235.054752
22023,1498.450422
23176,154.368885
25391,5203.745059
10926,2375.686385
13861,423.195796
18179,3079.592836
16455,566.119962
24017,371.894661
2021,8591.883395
2410,1844.924467
22601,473.723837
17137,8196.437113
14544,254.521319
16199,641.176894
12599,104.217521
22984,525.730316
27497,1401.408666
21218,3358.854435
14607,219.448308
9581,441.361338
24354,738.234569
19682,978.926950
13921,129.186305
18457,647.381813
26959,1416.484616
11736,376.444146
16914,585.449678
24844,1218.308685
17423,254.774450
8931,247.955474
18488,629.501668
15777,258.086087
9453,231.111792
11080,216.557210
9540,414.372753
2849,117.129797
3545,117.835111
26747,267.571844
25080,1061.641558
9678,82.430081
5157,123.295195
19917,1417.229677
1137,13650.980524
15241,348.851531
12424,129.424760
19439,1574.368720
26291,262.378033
15821,166.998971
4652,80.351341
12356,1212.721590
4820,396.297409
7552,264.692856
19229,874.133521
3736,105.918739
11574,961.878791
24315,2075.387616
7474,275.780868
21999,4027.046624
27179,338.799973
13771,380.891692
28544,1193.304754
11020,2096.136388
8474,111.413132
7995,182.027263
10073,128.716390
13397,295.378344
13720,80.449127
25961,1212.431016
8106,52.622228
13416,110.066754
19703,2887.753414
23330,220.072545
11088,485.680710
22050,2311.011141
11097,338.032466
23423,2408.490719
3643,206.473190
25433,903.284504
18608,569.912304
3315,126.161094
1030,6803.148243
20596,2251.190899
19480,570.834996
15156,1173.109422
28115,552.938876
3235,420.388609
15217,1949.874966
17708,6246.756440
6899,170.060508
7191,158.819483
21959,2192.971821
4857,1212.978157
5390,69.017224
12519,94.576925
4065,179.608702
3048,56.667991
24482,170.062137
26880,121.204867
14276,1657.554464
19004,451.271246
8464,276.062294
9834,123.430960
4476,257.453960
13124,83.585348
7356,140.089095
22208,1537.897106
17952,243.158928
9344,124.479440
8424,104.382870
627,2890.623302
1569,10101.546272
6815,225.698296
3811,463.503924
27367,4429.440054
14457,153.800909
14080,98.658875
14437,415.601719
3218,95.889064
20237,3696.611605
13439,623.006187
6001,339.372847
18567,533.902334
25385,198.296556
13610,140.569165
17636,405.617505
27182,444.680985
6780,129.149513
14398,2312.991097
26064,1894.481377
25077,2112.612746
17798,690.347743
19449,1715.391018
753,23111.651555
4392,299.930972
19126,438.784297
18843,307.217912
15401,2179.284883
25486,1876.391138
4727,290.270573
15625,581.311335
6766,193.875505
12003,199.284845
26879,1070.894868
14183,166.601991
27911,165.371630
15700,162.386084
2982,109.827251
12933,126.579582
10846,177.438890
24172,2044.450137
14611,118.924086
21998,1718.307911
16020,225.205585
23437,1381.977905
22951,5252.644087
27160,163.912731
19486,793.904655
22884,1591.130098
3325,112.307742
7847,318.801505
2688,305.746773
19007,670.338433
654,1722.241165
3774,182.837449
20135,4067.344796
13193,799.565412
21878,1698.868697
3682,122.209245
23897,191.106704
7771,87.436611
8031,603.077628
12871,150.588332
11864,93.734698
28375,1017.433249
9477,119.840318
8332,1102.746992
18754,200.786924
1100,4839.345097
22661,8632.057084
16320,606.451014
13832,96.986805
10848,115.000752
4588,568.181680
23014,428.026275
17539,523.944577
23329,635.952050
10868,204.733062
27822,680.419388
20248,698.080235
27787,324.854279
21299,1604.442410
12283,250.272700
21153,3051.885835
5254,242.731758
8767,124.584515
24321,2026.682668
15055,110.843066
10569,771.992373
27106,600.546160
19133,357.123037
19093,1027.490473
28036,1409.303017
5641,176.944257
15430,267.252450
26343,41763.255715
20092,1548.200835
27204,15526.812969
5683,185.654773
21385,2529.928299
15919,126.709991
24097,1932.413207
28601,3141.254000
2252,18584.769242
5002,138.045103
8156,1045.105178
10517,717.502791
15384,700.357264
406,6280.228610
27052,57.611250
14355,174.008796
2146,12634.187693
12101,99.435780
28168,1678.488200
14116,133.223648
23006,545.966006
26219,150.150098
3768,122.605297
24598,1290.924274
11048,311.538827
19404,1163.097308
24551,286.587382
23309,557.264822
4724,100.917637
14804,195.451068
28781,2808.426737
6138,551.962078
15926,129.276540
27016,9977.782807
13253,260.765861
4451,6401.559810
19014,4307.768043
4610,131.030035
24360,3291.074406
11518,70.475391
25105,379.259462
11890,145.046689
17057,218.918694
22130,2709.687826
15881,148.761489
28458,259.221739
644,8343.155472
24962,711.165094
11943,134.482616
12774,265.368937
24593,1814.805369
3409,349.993371
2638,3027.122511
10956,476.172948
12570,71.636592
16106,151.941547
9353,105.426339
24555,765.808923
7108,298.622846
8524,168.470240
5121,434.596393
24616,862.872485
5875,111.603789
16022,1519.912245
8695,1595.873440
17027,180.707112
10083,83.179618
27385,843.379701
18024,319.367276
3997,133.798931
27859,4444.523909
14100,572.009122
2389,8394.013652
12840,833.060159
3532,90.145071
6130,104.532448
5774,219.119657
21701,833.376023
22843,652.888346
13929,222.823892
14123,193.470153
19986,1397.540594
6534,292.424614
6043,155.700177
10165,73.199423
14336,624.323091
6525,471.077300
10468,791.428357
22268,1552.570208
28017,16908.344108
28241,2672.748110
1543,3726.948864
836,7158.314466
13468,2264.299086
15303,218.824124
10503,229.803027
10476,975.870038
21965,857.259432
12802,761.106029
11182,593.038450
8450,138.644599
3734,129.538525
8308,255.543639
24867,299.534563
16899,320.436795
19041,1774.633772
4635,69.543463
10745,111.387916
21134,1842.902804
26226,593.108759
3023,100.878059
17006,372.368532
4222,305.685126
10172,277.472650
27260,1342.017180
26930,53.954400
16456,1166.494092
8645,273.178670
18773,838.485584
2512,15799.935825
17822,335.282537
8406,125.302815
425,5090.729445
13883,208.420684
14217,142.743715
9957,126.744919
2459,24533.322897
56,3392.609837
7867,582.678069
18280,477.804072
10817,284.812246
2386,1686.850951
28308,2494.387203
18366,248.448909
13911,121.377734
1916,3839.222466
5633,162.211727
25175,806.044922
16306,1224.576933
23232,183.070947
17889,6016.872747
1298,1375.715978
9197,116.847901
7955,353.018056
13066,269.255282
19129,2818.557130
4791,502.806268
16967,238.592964
16380,1416.377037
1208,2919.149565
11817,115.413359
9710,189.724370
28788,20.029966
13905,141.145968
21260,1141.244722
19555,777.579382
6192,110.342381
27202,857.904616
19720,944.238548
12211,432.356592
15037,136.826541
27335,22606.972163
23168,5729.875021
11030,256.591252
26836,268.684397
12986,396.617810
23219,3968.457169
632,1492.935630
680,25128.304262
13790,131.146290
5623,229.594334
1233,41105.927386
15281,216.928131
11661,204.076546
8621,368.097649
17493,468.806161
10085,178.445124
26065,442.607954
28606,3572.954610
4008,182.001146
12853,229.514504
27797,3640.718465
8170,318.337226
1669,11874.440684
22731,2279.781609
9999,188.203369
966,3124.118603
3064,298.366935
1861,4490.260679
9937,111.440872
13446,2257.220530
17391,289.080761
2921,92.363088
15506,913.229619
16969,376.010562
25887,1331.141319
22017,853.388579
9031,675.085408
11062,302.243555
1512,855.616569
7896,127.408924
19211,2385.064707
9183,196.889727
17692,296.047389
23657,4252.546006
1612,477.791849
27091,2120.613050
14181,156.025086
8348,515.747133
9842,647.580020
14149,169.851576
1598,1274.824386
24108,673.795452
13473,510.469228
15265,6879.414193
23007,1631.501632
16910,556.022496
2668,3386.433911
6187,239.399024
11984,119.590670
11772,172.739872
15648,571.827576
20454,3378.695561
19251,1042.183355
10421,99.911758
10907,165.350216
13746,190.887043
26528,1067.179563
6591,113.590636
15142,16565.701058
28704,4568.636965
1160,3662.563781
20338,2244.927965
5970,128.204812
10565,141.316285
855,24786.011536
3986,394.913033
27565,7020.865781
11393,313.382608
23170,856.495189
8001,108.911188
5936,310.023683
3539,93.766258
5139,407.361379
7960,186.232226
3356,123.915617
13979,236.039132
17101,4343.946739
6554,518.325254
8035,119.924593
6163,93.715050
17007,1454.237456
8456,67.926505
23822,1812.778037
26657,922.791067
20241,1123.967533
26993,2845.381120
28153,2150.391074
14680,188.951214
2609,15429.812213
7938,215.728589
17842,425.432872
10684,110.688033
8024,107.768503
27454,1522.482498
3194,252.406780
26976,10674.074238
4787,409.422109
25468,478.444881
27191,904.191506
1611,1856.118493
2998,107.906289
4649,615.558822
10442,646.313483
22289,721.908453
26897,743.337736
7249,101.691197
11924,237.204126
10662,179.619557
22876,2920.116217
19565,491.465185
19729,1825.494820
19625,668.779486
13919,115.225523
22251,328.976730
12711,303.718184
4429,235.816187
13270,202.321319
4190,268.528886
11059,291.915895
8803,157.997793
19991,513.625487
13268,615.279638
17942,607.480677
20159,764.072395
11178,140.525294
20518,1359.676727
26636,596.084221
12319,174.995540
7644,99.062694
9749,275.028098
27051,2696.987773
28440,917.228267
4486,1332.416875
17783,283.379428
24293,2132.079493
12224,706.554774
4249,122.267204
7988,113.760334
15643,324.146603
24725,716.467144
4288,104.765986
2843,141.182447
7619,103.133378
23093,327.956776
532,2607.695773
11129,92.674578
18158,6931.685922
9769,154.718910
6997,267.010334
24218,1353.891930
23876,254.299814
9045,303.764547
25239,417.514596
27488,746.355958
9464,78.779549
19961,703.079519
13002,84.932877
1023,12752.789692
26435,274.491799
765,6967.303393
17735,638.244450
19369,1395.508234
9130,130.278650
23588,1424.972828
22530,480.064270
10465,981.933050
4788,847.355127
15459,188.697006
12058,98.019683
28646,1324.016326
10168,67.212353
26066,512.756377
7608,1276.343819
3892,85.928229
10728,110.702433
25003,411.280004
15669,171.072190
2118,6074.835712
18538,356.928519
25948,55.432056
13062,179.529973
2058,12241.286861
10501,388.719367
17324,6778.311176
25618,5710.456380
13701,240.363819
22191,947.469537
16160,3739.722838
6648,359.300335
23019,1841.622882
9675,178.991421
22230,2128.029597
1817,1490.126191
5926,119.364313
16514,1045.379489
19064,700.350905
21165,7709.228014
17611,1538.483961
28239,1732.826501
21800,593.161243
21203,1943.058646
1255,9088.449342
15667,121.723485
16846,555.079410
21198,4139.400452
14466,110.596566
4257,99.736112
27364,1108.480464
1045,2875.252602
11408,125.137018
8454,126.647222
23070,990.320129
16617,506.833712
21355,1419.391509
21508,1257.655521
4126,228.192539
17334,827.099212
1033,10301.263231
9736,473.166800
12618,185.306523
25367,12233.603667
21791,734.938040
25565,974.683995
10815,158.452814
27181,4376.035649
5833,100.977085
3881,519.633538
16501,249.777156
19583,1132.376855
1026,27430.282946
22862,12699.131715
6205,116.234711
22012,761.387572
8844,265.694103
20005,2449.167655
26154,1317.877424
12437,585.727606
21086,5045.002755
14243,9696.847924
13563,562.824002
21847,1448.291906
15887,428.575817
6020,479.863800
11428,68.201862
16279,905.725258
19875,475.646169
673,4803.665423
21302,1699.813218
17363,1853.316048
7098,284.844147
26912,2474.706858
10903,111.713423
12737,265.906144
19624,592.469430
9706,103.769770
15492,884.306245
5940,1643.262444
4269,88.088826
5978,223.121138
1924,2163.992116
21728,1617.549133
25083,1527.975210
20188,1263.858111
17553,288.161313
21340,2782.895013
14870,167.601716
8116,144.191958
18851,411.035132
17063,213.169534
944,3303.297076
8796,211.608435
18441,932.421988
7624,501.033056
12451,798.495953
15193,3047.892077
1648,2326.886071
1163,10621.541458
4656,104.568066
17717,473.854198
26365,161.802198
2792,240.319587
7740,105.125038
20548,4734.499901
26105,466.213146
19668,543.726795
27935,294.720734
4017,223.687913
5804,139.914281
9881,327.683892
19531,391.176925
6954,147.585233
11056,1896.093296
18845,323.499818
24744,219.033988
20902,2230.621014
16950,623.607010
7844,443.701200
3902,256.084755
8781,92.155961
8028,91.639945
2588,18329.657852
18174,741.321833
757,7143.639989
21457,552.440105
9420,292.977862
19280,614.120351
18184,2660.208399
14766,186.245931
17585,1388.092876
19418,480.906214
