ID,votes
9868,1000
12913,1000
25616,1000
11623,1000
25214,1000
21348,1000
7292,1000
2029,1000
20893,1000
7286,1000
11449,1000
17710,1000
12478,1000
11093,1000
154,1000
22795,1000
15825,1000
23157,1000
11836,1000
18967,1000
27856,1000
27029,1000
23978,1000
13441,1000
17468,1000
11764,1000
20981,1000
28284,1000
10041,1000
4917,1000
2726,1000
15791,1000
10277,1000
1566,1000
9084,1000
6958,1000
20569,1000
23456,1000
1954,1000
343,1000
2061,1000
25004,1000
12155,1000
7953,1000
18183,1000
15973,1000
16295,1000
10289,1000
20798,1000
6113,1000
1730,1000
14029,1000
9042,1000
9119,1000
26270,1000
18163,1000
7528,1000
27785,1000
26756,1000
5864,1000
21770,1000
4531,1000
14664,1000
25603,1000
9814,1000
11923,1000
11833,1000
20765,1000
9916,1000
14908,1000
13003,1000
12752,1000
5174,1000
13222,1000
23321,1000
141,1000
15452,1000
26521,1000
19433,1000
18276,1000
5070,1000
16652,1000
7757,1000
594,1000
16348,1000
16662,1000
723,1000
23179,1000
15285,1000
979,1000
16424,1000
9061,1000
2196,1000
3526,1000
23171,1000
25236,1000
18709,1000
55,1000
4965,1000
17704,1000
20400,1000
21862,1000
22554,1000
3658,1000
8932,1000
27057,1000
10313,1000
12781,1000
20125,1000
10601,1000
8374,1000
25707,1000
4706,1000
6391,1000
527,1000
24385,1000
5554,1000
27021,1000
15551,1000
7036,1000
16556,1000
27881,1000
27662,1000
10688,1000
12304,1000
7885,1000
28815,1000
3704,1000
17663,1000
23674,1000
12729,1000
25891,1000
15143,1000
5841,1000
27692,1000
25483,1000
25723,1000
12680,1000
28293,1000
4678,1000
21032,1000
20179,1000
20439,1000
25704,1000
6250,1000
16127,1000
11259,1000
20211,1000
13531,1000
13655,1000
23217,1000
26840,1000
4514,1000
25089,1000
2491,1000
9631,1000
18341,1000
20648,1000
15141,1000
7982,1000
16482,1000
16770,1000
4417,1000
17850,1000
20105,1000
6933,1000
16814,1000
14073,1000
4011,1000
534,1000
17714,1000
12384,1000
7683,1000
17361,1000
6029,1000
27823,1000
11809,1000
12368,1000
9246,1000
4270,1000
9404,1000
9924,1000
20891,1000
18461,1000
24201,1000
4137,1000
12861,1000
18426,1000
4027,1000
4765,1000
11857,1000
19454,1000
27287,1000
4623,1000
13424,1000
11152,1000
15977,1000
23906,1000
21268,1000
10658,1000
13143,1000
18731,1000
17894,1000
6530,1000
20512,1000
12135,1000
18485,1000
6942,1000
25046,1000
1401,1000
7751,1000
18,1000
4804,1000
27638,1000
5312,1000
17584,1000
3587,1000
14066,1000
9974,1000
24995,1000
8135,1000
5292,1000
3908,1000
4503,1000
17366,1000
1927,1000
691,1000
0,1000
9719,1000
932,1000
26991,1000
11186,1000
24421,1000
24467,1000
27167,1000
15306,1000
18750,1000
951,1000
26261,1000
3576,1000
23976,1000
23748,1000
24139,1000
19416,1000
11001,1000
12578,1000
21870,1000
8309,1000
19202,1000
4961,1000
6362,1000
25149,1000
6251,1000
23728,1000
13825,1000
17565,1000
11513,1000
24351,1000
9696,1000
3114,1000
6872,1000
16884,1000
17431,1000
13599,1000
13180,1000
26694,1000
24777,1000
25268,1000
12078,1000
22186,1000
1027,1000
22893,1000
11385,1000
7321,1000
28196,1000
18145,1000
16372,1000
18242,1000
9027,1000
27381,1000
11790,1000
17836,1000
8277,1000
25326,1000
8397,1000
26286,1000
7000,1000
19783,1000
15296,1000
21771,1000
3004,1000
13724,1000
14687,1000
16808,1000
15310,1000
13410,1000
19045,1000
4640,1000
23102,1000
22363,1000
20013,1000
9434,1000
13779,1000
8996,1000
19274,1000
7434,1000
11852,1000
3673,1000
19254,1000
13641,1000
2846,1000
4843,1000
26167,1000
18654,1000
1330,1000
6242,1000
24789,1000
12109,1000
16622,1000
8192,1000
20420,1000
18067,1000
27006,1000
24889,1000
23426,1000
25112,1000
20837,1000
24135,1000
19419,1000
9690,1000
15447,1000
19563,1000
2547,1000
26,1000
14548,1000
17080,1000
13008,1000
17592,1000
21158,1000
15659,1000
6039,1000
20698,1000
24806,1000
9488,1000
12898,1000
2293,1000
14555,1000
1515,1000
11482,1000
12449,1000
10771,1000
10318,1000
20528,1000
11886,1000
10372,1000
23455,1000
17265,1000
17645,1000
27539,1000
11917,1000
2524,1000
9764,1000
21748,1000
2901,1000
15461,1000
23814,1000
7141,1000
11871,1000
14425,1000
11171,1000
5412,1000
2379,1000
28779,1000
7411,1000
7970,1000
6297,1000
21719,1000
23599,1000
24311,1000
21767,1000
15390,1000
20484,1000
27763,1000
12037,1000
2353,1000
4831,1000
12804,1000
25804,1000
23356,1000
20034,1000
27951,1000
17332,1000
20992,1000
16005,1000
24320,1000
18471,1000
14177,1000
7251,1000
4719,1000
15631,1000
17492,1000
19107,1000
349,1000
8149,1000
952,1000
2581,1000
25865,1000
17966,1000
28445,1000
25694,1000
3795,1000
9386,1000
17044,1000
21649,1000
8097,1000
384,1000
46,1000
27762,1000
12062,1000
20340,1000
2596,1000
22543,1000
17333,1000
13052,1000
17462,1000
7214,1000
9267,1000
13065,1000
4745,1000
28432,1000
7557,1000
8020,1000
27431,1000
22943,1000
10401,1000
21220,1000
10664,1000
12002,1000
18433,1000
24024,1000
15198,1000
24313,1000
14934,1000
2955,1000
1130,1000
15569,1000
23996,1000
2463,1000
1136,1000
11931,1000
8678,1000
779,1000
20886,1000
13500,1000
11473,1000
12826,1000
10806,1000
10808,1000
2240,1000
3459,1000
10641,1000
2037,1000
11265,1000
28592,1000
7582,1000
755,1000
23405,1000
9163,1000
6461,1000
24611,1000
3534,1000
17610,1000
18415,1000
15992,1000
21946,1000
19655,1000
6021,1000
7483,1000
28642,1000
14905,1000
23994,1000
10113,1000
18450,1000
3826,1000
16486,1000
16855,1000
16944,1000
24981,1000
8832,1000
20366,1000
20000,1000
7435,1000
20320,1000
8532,1000
5920,1000
17657,1000
24831,1000
1251,1000
28495,1000
27767,1000
15647,1000
3650,1000
24260,1000
26221,1000
19221,1000
18522,1000
11997,1000
229,1000
9465,1000
22349,1000
21159,1000
9777,1000
21720,1000
3559,1000
197,1000
14861,1000
11109,1000
17172,1000
5193,1000
16409,1000
23496,1000
9503,1000
23650,1000
17779,1000
3476,1000
4204,1000
23418,1000
23008,1000
11341,1000
11450,1000
657,1000
23828,1000
6133,1000
19417,1000
20766,1000
4003,1000
22196,1000
20130,1000
9511,1000
16613,1000
39,1000
26982,1000
18076,1000
24125,1000
4925,1000
17800,1000
7986,1000
17195,1000
26184,1000
26805,1000
19132,1000
17543,1000
453,1000
139,1000
17061,1000
23894,1000
7118,1000
5988,1000
26697,1000
25815,1000
6044,1000
19616,1000
18285,1000
23522,1000
1443,1000
13545,1000
20333,1000
6180,1000
14641,1000
1579,1000
1152,1000
23439,1000
6038,1000
18618,1000
10063,1000
10873,1000
18807,1000
16678,1000
24852,1000
6931,1000
23732,1000
27800,1000
9009,1000
21503,1000
23428,1000
13241,1000
11583,1000
24469,1000
26724,1000
25980,1000
25840,1000
1885,1000
16067,1000
17224,1000
13087,1000
24997,1000
14467,1000
17922,1000
27606,1000
22299,1000
11123,1000
11896,1000
27719,1000
20432,1000
23526,1000
17691,1000
11910,1000
3762,1000
9281,1000
16182,1000
10826,1000
22600,1000
28479,1000
1868,1000
593,1000
11115,1000
3333,1000
15363,1000
517,1000
28320,1000
14454,1000
16168,1000
3417,1000
17019,1000
26705,1000
8023,1000
12097,1000
2532,1000
2308,1000
893,1000
15480,1000
10080,1000
14220,1000
23320,1000
21076,1000
2922,1000
22469,1000
18306,1000
20833,1000
1361,1000
24762,1000
6401,1000
23717,1000
24066,1000
13095,1000
15530,1000
9188,1000
2078,1000
988,1000
689,1000
19403,1000
2200,1000
15389,1000
4802,1000
1058,1000
2435,1000
9782,1000
10496,1000
17241,1000
18828,1000
20877,1000
5647,1000
28435,1000
7639,1000
9229,1000
10849,1000
7984,1000
9112,1000
23831,1000
6820,1000
16214,1000
13407,1000
8094,1000
3436,1000
22875,1000
6381,1000
16803,1000
4051,1000
12594,1000
22467,1000
19855,1000
20816,1000
13081,1000
24667,1000
19492,1000
6056,1000
21397,1000
16890,1000
13094,1000
27869,1000
12229,1000
5332,1000
22233,1000
3338,1000
265,1000
49,1000
4523,1000
1161,1000
25939,1000
3124,1000
1618,1000
15642,1000
21897,1000
11656,1000
1415,1000
21338,1000
26855,1000
12878,1000
25816,1000
4369,1000
21439,1000
7721,1000
1867,1000
21581,1000
17594,1000
8801,1000
4217,1000
10843,1000
11741,1000
2923,1000
2718,1000
9604,1000
6090,1000
3382,1000
19843,1000
27473,1000
6236,1000
25255,1000
14696,1000
7872,1000
1849,1000
8195,1000
9793,1000
25087,1000
2767,1000
21578,1000
25280,1000
7527,1000
4316,1000
12552,1000
5262,1000
16447,1000
22193,1000
524,1000
16172,1000
2092,1000
17640,1000
15460,1000
20547,1000
28589,1000
17618,1000
4971,1000
2763,1000
22640,1000
11803,1000
3862,1000
8620,1000
26181,1000
10311,1000
8326,1000
18961,1000
23796,1000
7445,1000
28385,1000
17439,1000
20673,1000
23913,1000
3012,1000
13176,1000
11269,1000
3106,1000
8927,1000
25247,1000
4122,1000
11846,1000
27529,1000
8601,1000
3380,1000
26816,1000
4532,1000
24431,1000
25601,1000
21801,1000
437,1000
3904,1000
23782,1000
27300,1000
6993,1000
51,1000
2866,1000
7755,1000
2983,1000
8646,1000
6319,1000
13823,1000
6442,1000
17327,1000
20603,1000
12888,1000
15641,1000
14970,1000
2438,1000
3745,1000
20598,1000
10794,1000
7379,1000
4083,1000
12606,1000
23852,1000
8984,1000
27101,1000
13492,1000
5131,1000
10866,1000
1068,1000
18777,1000
24474,1000
16434,1000
17544,1000
15088,1000
9621,1000
14106,1000
17263,1000
3856,1000
12995,1000
5498,1000
24550,1000
22136,1000
9634,1000
2396,1000
6378,1000
15196,1000
9584,1000
12582,1000
6400,1000
24644,1000
10050,1000
2391,1000
386,1000
25246,1000
22458,1000
24661,1000
3620,1000
22913,1000
4668,1000
16470,1000
2540,1000
10706,1000
3834,1000
4492,1000
11869,1000
24847,1000
17446,1000
9252,1000
1550,1000
3714,1000
9074,1000
16195,1000
22073,1000
10602,1000
6183,1000
13271,1000
2736,1000
4443,1000
28166,1000
26749,1000
4560,1000
20009,1000
23553,1000
25738,1000
11122,1000
10912,1000
1880,1000
1168,1000
18417,1000
17309,1000
26243,1000
26831,1000
3810,1000
2143,1000
13231,1000
28317,1000
23737,1000
12770,1000
19572,1000
14279,1000
16451,1000
13872,1000
23104,1000
27221,1000
27752,1000
27712,1000
21619,1000
25675,1000
16915,1000
13833,1000
2703,1000
5536,1000
22509,1000
27268,1000
28614,1000
18122,1000
21871,1000
13018,1000
19371,1000
3996,1000
24259,1000
2558,1000
27397,1000
841,1000
1459,1000
23634,1000
13622,1000
10608,1000
1055,1000
20059,1000
16045,1000
9012,1000
3575,1000
18960,1000
20675,1000
13569,1000
14906,1000
18257,1000
3329,1000
25595,1000
21803,1000
6207,1000
18096,1000
22531,1000
22524,1000
2245,1000
3767,1000
3664,1000
22325,1000
7518,1000
10477,1000
10763,1000
17505,1000
17975,1000
13310,1000
16169,1000
27732,1000
8661,1000
8858,1000
12915,1000
4722,1000
15774,1000
12223,1000
4495,1000
11287,1000
16693,1000
10123,1000
14642,1000
7666,1000
2592,1000
21336,1000
14421,1000
8723,1000
15140,1000
20662,1000
1095,1000
11916,1000
3121,1000
18254,1000
1332,1000
24220,1000
17923,1000
26409,1000
7052,1000
15908,1000
12860,1000
17409,1000
4127,1000
2325,1000
8810,1000
6241,1000
8201,1000
12574,1000
28714,1000
5954,1000
2515,1000
967,1000
8299,1000
12999,1000
27784,1000
24938,1000
15718,1000
13539,1000
571,1000
10097,1000
21876,1000
5912,1000
25503,1000
15565,1000
19960,1000
7790,1000
1318,1000
25705,1000
21057,1000
9831,1000
15877,1000
15761,1000
1181,1000
805,1000
870,1000
19701,1000
6829,1000
26979,1000
21343,1000
10071,1000
5286,1000
9110,1000
9193,1000
10644,1000
19715,1000
18790,1000
16800,1000
1464,1000
5420,1000
26107,1000
11532,1000
25826,1000
206,1000
4465,1000
8949,1000
6565,1000
24346,1000
4474,1000
4784,1000
1344,1000
22210,1000
8641,1000
10051,1000
17100,1000
23908,1000
11313,1000
814,1000
12404,1000
14450,1000
28091,1000
9959,1000
5916,1000
15802,1000
21826,1000
11646,1000
6313,1000
27215,1000
26215,1000
3703,1000
23344,1000
26134,1000
24074,1000
10545,1000
9513,1000
25182,1000
5682,1000
7495,1000
4389,1000
15957,1000
13291,1000
9548,1000
8047,1000
24195,1000
16410,1000
5584,1000
19078,1000
3706,1000
27584,1000
13340,1000
20958,1000
5539,1000
382,1000
24940,1000
18781,1000
20431,1000
28579,1000
180,1000
2798,1000
22406,1000
21782,1000
25169,1000
19595,1000
26475,1000
13181,1000
813,1000
5870,1000
10222,1000
2886,1000
11893,1000
23987,1000
21339,1000
1267,1000
20873,1000
28242,1000
22631,1000
16122,1000
26606,1000
9576,1000
21365,1000
14274,1000
7384,1000
13381,1000
16303,1000
27278,1000
19235,1000
28314,1000
23397,1000
3744,1000
24626,1000
15661,1000
1577,1000
23877,1000
10874,1000
21251,1000
26596,1000
16185,1000
10548,1000
7317,1000
18910,1000
23034,1000
1176,1000
17590,1000
10155,1000
11311,1000
17974,1000
17627,1000
22352,1000
10673,1000
19205,1000
12550,1000
23756,1000
17398,1000
25243,1000
10213,1000
14982,1000
17070,1000
11335,1000
19241,1000
8940,1000
22557,1000
8732,1000
4647,1000
22770,1000
7405,1000
2657,1000
717,1000
22416,1000
5263,1000
10132,1000
6427,1000
18633,1000
20509,1000
23247,1000
5441,1000
13648,1000
16630,1000
13398,1000
4198,1000
14802,1000
17893,1000
1454,1000
1912,1000
6856,1000
7862,1000
13795,1000
23839,1000
9349,1000
14361,1000
13927,1000
14305,1000
21811,1000
14151,1000
4535,1000
7637,1000
18707,1000
13130,1000
7562,1000
1647,1000
8640,1000
10382,1000
8060,1000
18528,1000
19494,1000
12085,1000
74,1000
20691,1000
3716,1000
21934,1000
10850,1000
9226,1000
16030,1000
13378,1000
1570,1000
11879,1000
20044,1000
18480,1000
19319,1000
8435,1000
395,1000
5887,1000
8866,1000
5185,1000
10444,1000
24818,1000
16904,1000
21887,1000
7499,1000
18403,1000
19358,1000
820,1000
2456,1000
4271,1000
13737,1000
23116,1000
8581,1000
5106,1000
22281,1000
12483,1000
7274,1000
24000,1000
14231,1000
1956,1000
16068,1000
26690,1000
5773,1000
23158,1000
23248,1000
13245,1000
1840,1000
20727,1000
26702,1000
3278,1000
11355,1000
15533,1000
15575,1000
5932,1000
10187,1000
26567,1000
19840,1000
21970,1000
18175,1000
16189,1000
9333,1000
24912,1000
20451,1000
25533,1000
20165,1000
6751,1000
7505,1000
3583,1000
24640,1000
9302,1000
24018,1000
20589,1000
3444,1000
12134,1000
27991,1000
21761,1000
5375,1000
26592,1000
21187,1000
12327,1000
24991,1000
23133,1000
2181,1000
12881,1000
22519,1000
20182,1000
8461,1000
19362,1000
4174,1000
24858,1000
2500,1000
8158,1000
2655,1000
8876,1000
11338,1000
20473,1000
20069,1000
27560,1000
1755,1000
4334,1000
1681,1000
10125,1000
1413,1000
5980,1000
19971,1000
13595,1000
14947,1000
9991,1000
25558,1000
10033,1000
5724,1000
19456,1000
5160,1000
26375,1000
18225,1000
4542,1000
22065,1000
27097,1000
11196,1000
2590,1000
6273,1000
26025,1000
19542,1000
13959,1000
10312,1000
3977,1000
11605,1000
19044,1000
19353,1000
8962,1000
26709,1000
15675,1000
3485,1000
13060,1000
12652,1000
25847,1000
5427,1000
9173,1000
3176,1000
11058,1000
25631,1000
16588,1000
26403,1000
6963,1000
18589,1000
2539,1000
8003,1000
9878,1000
19351,1000
23639,1000
12124,1000
15256,1000
27928,1000
4846,1000
7643,1000
16839,1000
4254,1000
1753,1000
10989,1000
17122,1000
17303,1000
2537,1000
11589,1000
20245,1000
423,1000
18607,1000
11373,1000
5564,1000
2514,1000
15699,1000
18262,1000
18612,1000
19468,1000
20776,1000
9075,1000
21335,1000
21053,1000
20370,1000
365,1000
3318,1000
584,1000
10928,1000
9512,1000
16626,1000
1560,1000
15753,1000
14940,1000
2044,1000
4858,1000
5362,1000
3585,1000
24075,1000
7667,1000
8155,1000
14878,1000
53,1000
5472,1000
14238,1000
18453,1000
25943,1000
15929,1000
2884,1000
19462,1000
7110,1000
12160,1000
26585,1000
23969,1000
5497,1000
2697,1000
20654,1000
8729,1000
7085,1000
3935,1000
23527,1000
15,1000
14084,1000
26543,1000
3679,1000
17616,1000
7225,1000
5842,1000
28586,1000
25411,1000
8433,1000
27637,1000
23161,1000
2930,1000
27152,1000
13339,1000
8555,1000
14994,1000
24178,1000
6790,1000
2541,1000
16894,1000
17030,1000
11304,1000
8207,1000
20483,1000
26926,1000
1684,1000
26896,1000
20651,1000
15864,1000
11678,1000
24501,1000
26213,1000
9145,1000
14952,1000
27808,1000
27838,1000
8314,1000
4815,1000
18866,1000
11226,1000
27491,1000
6158,1000
2947,1000
6598,1000
8967,1000
10303,1000
17088,1000
768,1000
20045,1000
15333,1000
24121,1000
27333,1000
6286,1000
3687,1000
6804,1000
15867,1000
9942,1000
10331,1000
3725,1000
26651,1000
14720,1000
6181,1000
18948,1000
25005,1000
28508,1000
24890,1000
27389,1000
21369,1000
23341,1000
545,1000
28259,1000
5865,1000
15909,1000
17702,1000
3386,1000
25658,1000
24724,1000
16947,1000
20427,1000
22754,1000
6350,1000
13295,1000
27116,1000
13167,1000
1320,1000
21895,1000
23280,1000
21122,1000
27611,1000
26614,1000
22384,1000
28271,1000
15183,1000
26913,1000
14946,1000
25757,1000
27110,1000
27547,1000
18632,1000
19996,1000
27075,1000
20138,1000
22683,1000
15332,1000
791,1000
14390,1000
28189,1000
22274,1000
2663,1000
4626,1000
18729,1000
6819,1000
11865,1000
12434,1000
2800,1000
18195,1000
10455,1000
20773,1000
11961,1000
24190,1000
26870,1000
13034,1000
5303,1000
2989,1000
22917,1000
20332,1000
12880,1000
12584,1000
7899,1000
20978,1000
14145,1000
24400,1000
19097,1000
4708,1000
6010,1000
14601,1000
22200,1000
9436,1000
15277,1000
17729,1000
3115,1000
2851,1000
5878,1000
7901,1000
26459,1000
2828,1000
27783,1000
4552,1000
17925,1000
5700,1000
2334,1000
7211,1000
19874,1000
12456,1000
2872,1000
12200,1000
24119,1000
25455,1000
13672,1000
1791,1000
112,1000
20453,1000
17896,1000
6593,1000
6436,1000
4390,1000
15790,1000
26171,1000
2739,1000
21295,1000
24620,1000
16477,1000
10205,1000
23815,1000
28538,1000
17180,1000
3500,1000
13346,1000
11272,1000
4108,1000
10019,1000
22057,1000
24634,1000
18576,1000
28138,1000
19487,1000
14369,1000
8600,1000
27681,1000
775,1000
11682,1000
11657,1000
15529,1000
915,1000
14948,1000
25339,1000
27880,1000
3655,1000
24672,1000
23967,1000
13937,1000
8236,1000
19446,1000
28770,1000
19056,1000
7105,1000
18699,1000
1698,1000
3956,1000
17801,1000
9709,1000
26040,1000
21115,1000
3458,1000
22093,1000
7809,1000
19739,1000
19470,1000
10358,1000
28558,1000
14233,1000
12367,1000
28102,1000
6440,1000
23086,1000
7129,1000
18853,1000
5602,1000
23912,1000
17156,1000
11243,1000
6216,1000
10538,1000
5258,1000
26505,1000
22566,1000
26801,1000
6584,1000
24739,1000
14289,1000
13096,1000
10307,1000
10305,1000
13984,1000
11907,1000
5903,1000
27615,1000
3390,1000
4945,1000
5069,1000
3010,1000
10964,1000
8699,1000
23325,1000
5781,1000
15022,1000
11904,1000
24502,1000
11586,1000
9822,1000
17427,1000
20832,1000
2629,1000
23282,1000
22140,1000
2525,1000
19836,1000
13719,1000
14745,1000
13796,1000
28143,1000
10558,1000
4132,1000
21766,1000
6276,1000
25465,1000
24622,1000
7310,1000
6575,1000
21235,1000
27866,1000
3287,1000
23103,1000
10616,1000
21221,1000
23340,1000
2032,1000
15580,1000
2706,1000
15522,1000
27678,1000
22707,1000
18816,1000
22072,1000
15182,1000
5386,1000
18100,1000
13932,1000
863,1000
1928,1000
19666,1000
7079,1000
15713,1000
9077,1000
27770,1000
1238,1000
15008,1000
19897,1000
19140,1000
5534,1000
1561,1000
2056,1000
14885,1000
11509,1000
2670,1000
633,1000
16781,1000
18378,1000
26828,1000
12901,1000
25871,1000
22975,1000
18265,1000
23079,1000
26480,1000
19941,1000
7626,1000
21768,1000
12795,1000
13411,1000
9968,1000
17650,1000
20812,1000
1615,1000
4677,1000
12219,1000
13206,1000
3855,1000
5801,1000
27286,1000
22124,1000
9730,1000
21549,1000
23461,1000
24126,1000
14007,1000
10835,1000
5808,1000
26582,1000
12615,1000
21108,1000
2484,1000
15340,1000
24120,1000
3198,1000
11885,1000
16086,1000
13741,1000
15442,1000
3314,1000
1653,1000
4377,1000
13841,1000
10375,1000
8520,1000
24254,1000
12691,1000
20073,1000
25921,1000
16633,1000
15440,1000
1583,1000
8342,1000
17045,1000
17212,1000
6901,1000
24600,1000
21919,1000
21459,1000
17833,1000
14842,1000
20103,1000
3916,1000
10229,1000
844,1000
1948,1000
18278,1000
10508,1000
4826,1000
20379,1000
14186,1000
3346,1000
15499,1000
11141,1000
18193,1000
9552,1000
25126,1000
15181,1000
13653,1000
26790,1000
21882,1000
5153,1000
13983,1000
13985,1000
11902,1000
284,1000
10227,1000
5599,1000
12747,1000
6451,1000
26619,1000
15832,1000
24905,1000
14434,1000
7467,1000
23621,1000
26060,1000
9011,1000
23117,1000
1394,1000
19652,1000
5528,1000
3911,1000
11666,1000
20694,1000
4599,1000
27930,1000
17097,1000
16087,1000
14702,1000
16695,1000
24472,1000
22972,1000
16518,1000
3548,1000
22782,1000
21917,1000
12320,1000
22162,1000
20571,1000
14637,1000
551,1000
19994,1000
12014,1000
26125,1000
15317,1000
23970,1000
12214,1000
26739,1000
19548,1000
16265,1000
3136,1000
19224,1000
19514,1000
24407,1000
891,1000
9903,1000
1020,1000
3675,1000
18347,1000
26422,1000
2053,1000
12129,1000
5816,1000
4167,1000
16422,1000
12547,1000
14026,1000
15978,1000
2992,1000
14541,1000
23228,1000
4800,1000
15073,1000
5485,1000
6027,1000
22394,1000
5245,1000
14770,1000
1416,1000
24264,1000
18039,1000
2759,1000
10906,1000
10343,1000
6784,1000
8260,1000
23593,1000
17933,1000
25702,1000
4407,1000
2266,1000
15760,1000
12403,1000
447,1000
3285,1000
24718,1000
7058,1000
1635,1000
12335,1000
5212,1000
1733,1000
569,1000
1717,1000
21631,1000
23858,1000
8373,1000
10215,1000
5590,1000
24631,1000
1400,1000
14807,1000
13138,1000
12508,1000
11615,1000
25842,1000
20562,1000
3557,1000
3363,1000
4323,1000
11731,1000
4411,1000
2557,1000
4082,1000
733,1000
6757,1000
17617,1000
13516,1000
2508,1000
21443,1000
7444,1000
15719,1000
24084,1000
13811,1000
7013,1000
693,1000
15789,1000
10237,1000
15725,1000
18630,1000
22691,1000
16789,1000
5060,1000
23546,1000
26183,1000
10362,1000
19027,1000
17767,1000
7967,1000
6193,1000
7421,1000
20731,1000
6354,1000
8970,1000
6112,1000
4037,1000
19886,1000
21971,1000
7210,1000
23711,1000
6812,1000
12892,1000
6390,1000
5725,1000
18711,1000
21781,1000
11465,1000
9234,1000
24336,1000
6434,1000
6438,1000
10939,1000
22860,1000
10680,1000
2477,1000
17025,1000
13951,1000
19742,1000
15343,1000
11506,1000
11805,1000
8910,1000
12151,1000
25406,1000
19072,1000
22433,1000
1080,1000
26665,1000
16739,1000
17740,1000
18520,1000
26601,1000
19608,1000
19101,1000
22276,1000
13463,1000
25994,1000
23520,1000
4073,1000
11007,1000
10111,1000
2951,1000
28498,1000
11074,1000
6486,1000
3125,1000
6322,1000
26378,1000
8408,1000
15721,1000
13254,1000
19858,1000
7482,1000
18738,1000
15591,1000
8190,1000
331,1000
22475,1000
26575,1000
17279,1000
624,1000
15548,1000
2632,1000
1092,1000
26597,1000
17546,1000
10823,1000
15230,1000
15686,1000
9006,1000
10740,1000
1854,1000
1458,1000
4596,1000
21112,1000
13970,1000
14377,1000
12172,1000
25381,1000
11440,1000
20481,1000
14339,1000
21154,1000
8360,1000
24394,1000
22450,1000
12969,1000
23747,1000
26526,1000
536,1000
18458,1000
20442,1000
151,1000
16247,1000
15486,1000
11658,1000
14211,1000
20838,1000
7360,1000
8188,1000
11654,1000
20526,1000
18411,1000
26780,1000
7985,1000
16724,1000
17853,1000
4273,1000
26061,1000
4767,1000
24701,1000
6914,1000
26572,1000
3542,1000
6566,1000
322,1000
24828,1000
4876,1000
20795,1000
10773,1000
13533,1000
14019,1000
23537,1000
27136,1000
8191,1000
17285,1000
20909,1000
1022,1000
22586,1000
16553,1000
12353,1000
21664,1000
10397,1000
2290,1000
11414,1000
3566,1000
17987,1000
5754,1000
23506,1000
19018,1000
7515,1000
24881,1000
8109,1000
24327,1000
22747,1000
6874,1000
15309,1000
28712,1000
28513,1000
16694,1000
9603,1000
17639,1000
21976,1000
15004,1000
11759,1000
14174,1000
8463,1000
28207,1000
22668,1000
909,1000
2351,1000
28029,1000
20187,1000
946,1000
1153,1000
3007,1000
10394,1000
16179,1000
4683,1000
19298,1000
5650,1000
511,1000
4368,1000
352,1000
17271,1000
4808,1000
3199,1000
5058,1000
15866,1000
20205,1000
27898,1000
20702,1000
26075,1000
16526,1000
22074,1000
12102,1000
16437,1000
12018,1000
27084,1000
17522,1000
24636,1000
7743,1000
9089,1000
5235,1000
18068,1000
12850,1000
10143,1000
14965,1000
25311,1000
1433,1000
10541,1000
21988,1000
21030,1000
27884,1000
2817,1000
7832,1000
7762,1000
15809,1000
4612,1000
6498,1000
21060,1000
11412,1000
11041,1000
13568,1000
8579,1000
8415,1000
21497,1000
47,1000
22587,1000
24819,1000
8589,1000
6851,1000
14055,1000
12453,1000
19135,1000
16605,1000
17341,1000
9401,1000
9450,1000
3303,1000
14509,1000
22256,1000
19275,1000
12007,1000
14353,1000
26295,1000
16438,1000
1806,1000
14732,1000
2789,1000
22806,1000
10078,1000
26420,1000
9484,1000
17888,1000
14927,1000
25610,1000
4914,1000
23525,1000
4149,1000
28127,1000
4586,1000
2096,1000
1450,1000
10726,1000
26956,1000
27310,1000
6688,1000
25423,1000
795,1000
1323,1000
6535,1000
20478,1000
9979,1000
8883,1000
2701,1000
5320,1000
28344,1000
8750,1000
21284,1000
27140,1000
1835,1000
7172,1000
4577,1000
12630,1000
20222,1000
27015,1000
22284,1000
10112,1000
25954,1000
23134,1000
10369,1000
19788,1000
25988,1000
17226,1000
25831,1000
7289,1000
16813,1000
8320,1000
4467,1000
4963,1000
12966,1000
25197,1000
25070,1000
6407,1000
16519,1000
3992,1000
27508,1000
13004,1000
24771,1000
24429,1000
5325,1000
27358,1000
17665,1000
1776,1000
3789,1000
1652,1000
6300,1000
18371,1000
28034,1000
21915,1000
8221,1000
5561,1000
4982,1000
25932,1000
25883,1000
4823,1000
26658,1000
9410,1000
3647,1000
22874,1000
10985,1000
4750,1000
13363,1000
1987,1000
10816,1000
20028,1000
26109,1000
23616,1000
28804,1000
1044,1000
9912,1000
9724,1000
24886,1000
7253,1000
14988,1000
18712,1000
22612,1000
8633,1000
6320,1000
603,1000
12053,1000
26781,1000
18446,1000
8745,1000
22805,1000
4075,1000
17742,1000
5512,1000
14391,1000
1972,1000
1220,1000
26054,1000
19881,1000
15359,1000
1217,1000
9251,1000
21323,1000
17951,1000
24583,1000
12944,1000
7174,1000
8426,1000
21824,1000
19995,1000
13084,1000
5709,1000
25644,1000
27007,1000
22195,1000
131,1000
17396,1000
18011,1000
27193,1000
28035,1000
9510,1000
21334,1000
11563,1000
25875,1000
1290,1000
23463,1000
24825,1000
11603,1000
25260,1000
20942,1000
2408,1000
6267,1000
13730,1000
25079,1000
7494,1000
15618,1000
5151,1000
14993,1000
25345,1000
22079,1000
10459,1000
18272,1000
3708,1000
16844,1000
14738,1000
11592,1000
12231,1000
2166,1000
6389,1000
11796,1000
5417,1000
6291,1000
16742,1000
21173,1000
3723,1000
18258,1000
6326,1000
20296,1000
25253,1000
8710,1000
24749,1000
11463,1000
16998,1000
14017,1000
7615,1000
22580,1000
9633,1000
20740,1000
26092,1000
20090,1000
2091,1000
21555,1000
21618,1000
17181,1000
2962,1000
18112,1000
5718,1000
21755,1000
18591,1000
4043,1000
25294,1000
22589,1000
7159,1000
27590,1000
28522,1000
6149,1000
24236,1000
6257,1000
4609,1000
25225,1000
20441,1000
195,1000
9693,1000
11204,1000
24044,1000
26497,1000
24361,1000
7961,1000
7594,1000
15369,1000
13042,1000
23630,1000
8259,1000
28812,1000
23372,1000
1651,1000
547,1000
1041,1000
28052,1000
20075,1000
16966,1000
20990,1000
21234,1000
21041,1000
15602,1000
22870,1000
13365,1000
13072,1000
12396,1000
5310,1000
21713,1000
11768,1000
22729,1000
3857,1000
23726,1000
26129,1000
914,1000
23096,1000
5606,1000
8298,1000
11626,1000
25903,1000
26862,1000
16847,1000
7257,1000
18725,1000
2676,1000
8776,1000
21907,1000
6994,1000
15795,1000
7358,1000
1212,1000
7588,1000
26667,1000
24286,1000
24088,1000
24735,1000
9298,1000
19949,1000
10975,1000
5684,1000
28076,1000
16312,1000
4275,1000
6121,1000
14577,1000
22733,1000
22207,1000
329,1000
19287,1000
11712,1000
14408,1000
13393,1000
22350,1000
12045,1000
17130,1000
16234,1000
11282,1000
3297,1000
15816,1000
18679,1000
24278,1000
2043,1000
5703,1000
19513,1000
11022,1000
6198,1000
12098,1000
1797,1000
27128,1000
19536,1000
24205,1000
11954,1000
23807,1000
21246,1000
13293,1000
12233,1000
15858,1000
23482,1000
27334,1000
15187,1000
3749,1000
10590,1000
1654,1000
3556,1000
20247,1000
27430,1000
27187,1000
10783,1000
21727,1000
28072,1000
23926,1000
10530,1000
19268,1000
16691,1000
1822,1000
6848,1000
1532,1000
7828,1000
12397,1000
14992,1000
26758,1000
18309,1000
25157,1000
5434,1000
7340,1000
28068,1000
526,1000
14519,1000
8458,1000
22819,1000
13997,1000
25777,1000
6953,1000
19794,1000
27564,1000
14112,1000
24741,1000
18409,1000
2799,1000
21213,1000
11700,1000
25245,1000
24412,1000
7366,1000
27796,1000
4406,1000
10176,1000
16702,1000
6459,1000
10756,1000
26530,1000
8055,1000
3240,1000
8587,1000
17887,1000
5129,1000
17356,1000
8562,1000
22134,1000
6184,1000
2064,1000
24105,1000
1581,1000
476,1000
8560,1000
16029,1000
13168,1000
420,1000
17774,1000
27982,1000
22872,1000
20855,1000
35,1000
9285,1000
5893,1000
4733,1000
8867,1000
23375,1000
16760,1000
22959,1000
4393,1000
11191,1000
10663,1000
13713,1000
22966,1000
28396,1000
12769,1000
11136,1000
22464,1000
17687,1000
19940,1000
22832,1000
9275,1000
12273,1000
27538,1000
1734,1000
458,1000
20822,1000
15078,1000
27236,1000
8881,1000
1929,1000
24248,1000
12525,1000
13949,1000
17530,1000
12869,1000
11579,1000
8838,1000
24194,1000
1918,1000
28220,1000
28454,1000
5493,1000
24183,1000
22931,1000
13108,1000
27126,1000
12244,1000
4543,1000
3410,1000
11522,1000
16650,1000
23130,1000
2994,1000
7010,1000
12633,1000
1350,1000
6834,1000
10241,1000
7892,1000
28423,1000
23167,1000
24189,1000
15534,1000
1259,1000
19201,1000
27702,1000
9672,1000
1293,1000
3999,1000
27933,1000
3480,1000
15519,1000
21499,1000
20907,1000
10433,1000
20426,1000
4388,1000
11332,1000
4047,1000
12060,1000
16159,1000
9299,1000
24247,1000
23357,1000
24627,1000
18509,1000
27309,1000
20554,1000
21660,1000
12616,1000
5350,1000
4366,1000
659,1000
23982,1000
10629,1000
5722,1000
18748,1000
11394,1000
13619,1000
3819,1000
22125,1000
21706,1000
13873,1000
6745,1000
19115,1000
13342,1000
23041,1000
17535,1000
11376,1000
18839,1000
9475,1000
13660,1000
23989,1000
21367,1000
8065,1000
16961,1000
14996,1000
7278,1000
5056,1000
17437,1000
10413,1000
21853,1000
16416,1000
9600,1000
27899,1000
27609,1000
26211,1000
18207,1000
14269,1000
18537,1000
24163,1000
20383,1000
16711,1000
38,1000
11288,1000
22858,1000
8370,1000
13894,1000
24614,1000
4755,1000
10440,1000
21444,1000
3479,1000
3465,1000
787,1000
8739,1000
11622,1000
15878,1000
25416,1000
9286,1000
16681,1000
6980,1000
6503,1000
28577,1000
20490,1000
9751,1000
14039,1000
9322,1000
14502,1000
2530,1000
12782,1000
15531,1000
25286,1000
28768,1000
21797,1000
12138,1000
14991,1000
13078,1000
19162,1000
4734,1000
5017,1000
21226,1000
5964,1000
849,1000
6641,1000
16316,1000
16494,1000
14015,1000
28023,1000
19491,1000
16,1000
1316,1000
17397,1000
9586,1000
25221,1000
7817,1000
24136,1000
2165,1000
27148,1000
2650,1000
23498,1000
25361,1000
21382,1000
19440,1000
5233,1000
24606,1000
1308,1000
3962,1000
22298,1000
24152,1000
14750,1000
2552,1000
22459,1000
6265,1000
16545,1000
23047,1000
27251,1000
17705,1000
15950,1000
8615,1000
2887,1000
11045,1000
17421,1000
16981,1000
6625,1000
7736,1000
4600,1000
6968,1000
1254,1000
6140,1000
6799,1000
1006,1000
6068,1000
8478,1000
23555,1000
9231,1000
22495,1000
40,1000
10801,1000
16014,1000
14137,1000
11278,1000
23623,1000
27512,1000
27298,1000
8522,1000
24096,1000
933,1000
19383,1000
2859,1000
24177,1000
16032,1000
10255,1000
8824,1000
20039,1000
11432,1000
27813,1000
7542,1000
20508,1000
1890,1000
3572,1000
14754,1000
4737,1000
24077,1000
869,1000
13209,1000
25304,1000
25633,1000
28421,1000
8877,1000
2330,1000
1627,1000
16680,1000
837,1000
21646,1000
21254,1000
1846,1000
8681,1000
14850,1000
19011,1000
26245,1000
10657,1000
20047,1000
9293,1000
11038,1000
18049,1000
18382,1000
3939,1000
9918,1000
1664,1000
18097,1000
3940,1000
20429,1000
13553,1000
11957,1000
12964,1000
18491,1000
5871,1000
9683,1000
783,1000
21013,1000
20232,1000
10202,1000
5230,1000
19314,1000
13216,1000
25892,1000
19921,1000
27888,1000
5946,1000
12932,1000
13859,1000
9735,1000
17736,1000
2673,1000
6622,1000
4371,1000
19333,1000
8714,1000
17186,1000
9139,1000
1453,1000
26850,1000
23833,1000
24848,1000
20496,1000
18686,1000
6088,1000
17211,1000
7120,1000
23662,1000
9260,1000
22442,1000
15087,1000
18404,1000
3031,1000
22185,1000
20668,1000
26859,1000
16964,1000
8842,1000
18794,1000
5206,1000
186,1000
8339,1000
21542,1000
9236,1000
4614,1000
19933,1000
10101,1000
17445,1000
6160,1000
24928,1000
2713,1000
18332,1000
15513,1000
27280,1000
316,1000
12858,1000
27458,1000
23308,1000
27168,1000
9437,1000
23211,1000
3875,1000
22480,1000
24122,1000
24758,1000
2009,1000
18533,1000
18718,1000
3167,1000
1965,1000
24669,1000
22579,1000
23146,1000
13993,1000
23830,1000
24298,1000
19207,1000
18169,1000
23610,1000
2299,1000
19969,1000
24100,1000
26768,1000
24656,1000
3354,1000
8608,1000
9827,1000
810,1000
5454,1000
21133,1000
4572,1000
22094,1000
28643,1000
12226,1000
24590,1000
25397,1000
16860,1000
11453,1000
26861,1000
5084,1000
6475,1000
9647,1000
22056,1000
10345,1000
7276,1000
22455,1000
1364,1000
4680,1000
28322,1000
23534,1000
3455,1000
23144,1000
6551,1000
554,1000
21375,1000
13546,1000
11814,1000
16173,1000
17895,1000
13127,1000
8793,1000
4579,1000
18123,1000
21022,1000
15404,1000
18884,1000
11713,1000
3695,1000
21058,1000
23294,1000
19028,1000
4833,1000
16230,1000
10897,1000
12794,1000
9593,1000
6669,1000
27954,1000
12183,1000
12678,1000
12900,1000
27995,1000
8117,1000
1529,1000
20710,1000
23701,1000
26819,1000
15804,1000
19807,1000
8934,1000
19498,1000
21475,1000
4979,1000
10328,1000
17131,1000
7551,1000
20328,1000
16670,1000
28032,1000
21697,1000
19060,1000
2352,1000
7833,1000
27549,1000
2489,1000
23885,1000
17374,1000
27658,1000
22111,1000
7031,1000
26177,1000
11193,1000
3204,1000
26274,1000
21311,1000
8693,1000
10529,1000
6219,1000
9534,1000
16754,1000
8080,1000
21037,1000
4337,1000
148,1000
19749,1000
11995,1000
8268,1000
575,1000
16175,1000
24411,1000
7099,1000
23940,1000
4924,1000
6072,1000
1035,1000
27195,1000
19815,1000
16267,1000
20892,1000
28172,1000
20455,1000
5614,1000
25388,1000
16442,1000
6607,1000
15171,1000
6034,1000
10999,1000
21114,1000
23744,1000
9662,1000
2364,1000
15680,1000
25899,1000
20100,1000
6857,1000
23263,1000
5077,1000
18675,1000
26156,1000
12071,1000
7507,1000
7939,1000
12137,1000
23220,1000
25145,1000
8345,1000
660,1000
16939,1000
18131,1000
6960,1000
22415,1000
25953,1000
9065,1000
14506,1000
6095,1000
16352,1000
13104,1000
361,1000
13840,1000
1506,1000
18128,1000
25045,1000
13088,1000
15011,1000
22803,1000
7695,1000
27578,1000
8916,1000
3726,1000
9493,1000
10553,1000
20641,1000
6842,1000
6331,1000
19605,1000
26992,1000
13234,1000
1369,1000
11647,1000
19354,1000
9167,1000
8090,1000
509,1000
20961,1000
23705,1000
12984,1000
5542,1000
2052,1000
1967,1000
19611,1000
10776,1000
17938,1000
2737,1000
25054,1000
271,1000
23377,1000
15228,1000
11086,1000
26678,1000
107,1000
2734,1000
20507,1000
20906,1000
21545,1000
16225,1000
4558,1000
18780,1000
21179,1000
9763,1000
25602,1000
6122,1000
16687,1000
18400,1000
3684,1000
7882,1000
19343,1000
6555,1000
378,1000
1770,1000
7281,1000
26192,1000
19973,1000
25164,1000
19524,1000
16840,1000
28663,1000
203,1000
785,1000
3497,1000
20501,1000
5648,1000
17728,1000
17404,1000
16538,1000
11255,1000
27672,1000
8312,1000
25854,1000
8604,1000
20435,1000
9069,1000
13026,1000
12118,1000
23080,1000
22517,1000
26103,1000
19282,1000
20872,1000
2045,1000
28422,1000
24093,1000
24932,1000
8904,1000
6239,1000
851,1000
26963,1000
13146,1000
25910,1000
19104,1000
21677,1000
8852,1000
6261,1000
23645,1000
20463,1000
3461,1000
19334,1000
28245,1000
9334,1000
3859,1000
6837,1000
20058,1000
23033,1000
12588,1000
12168,1000
12057,1000
28363,1000
28186,1000
26446,1000
15238,1000
3137,1000
23915,1000
22562,1000
5311,1000
17789,1000
18073,1000
20581,1000
6302,1000
11947,1000
704,1000
28276,1000
3295,1000
21186,1000
14358,1000
24621,1000
27855,1000
23061,1000
4521,1000
1580,1000
2177,1000
3057,1000
22407,1000
21265,1000
3163,1000
857,1000
10321,1000
21433,1000
24901,1000
27677,1000
8786,1000
18420,1000
4237,1000
2681,1000
9214,1000
12303,1000
12976,1000
28075,1000
21175,1000
17222,1000
23124,1000
3266,1000
23199,1000
13103,1000
23260,1000
3681,1000
12052,1000
25055,1000
10449,1000
7846,1000
23287,1000
17028,1000
7782,1000
28071,1000
24729,1000
20910,1000
24976,1000
23658,1000
18663,1000
5898,1000
16200,1000
7375,1000
20587,1000
2104,1000
19208,1000
18605,1000
9655,1000
13534,1000
18619,1000
6091,1000
20959,1000
4068,1000
26441,1000
1572,1000
16683,1000
178,1000
11866,1000
22313,1000
16721,1000
16977,1000
23975,1000
17597,1000
2586,1000
6049,1000
26832,1000
27977,1000
23432,1000
14099,1000
11403,1000
24199,1000
20600,1000
18075,1000
12216,1000
16741,1000
385,1000
19236,1000
24461,1000
18992,1000
23138,1000
13649,1000
193,1000
20898,1000
19192,1000
20374,1000
21049,1000
4253,1000
22339,1000
8720,1000
14376,1000
1818,1000
10618,1000
17179,1000
1499,1000
26839,1000
22103,1000
8234,1000
19975,1000
18806,1000
28240,1000
26264,1000
22501,1000
12577,1000
6195,1000
7077,1000
17016,1000
27722,1000
21144,1000
21641,1000
15282,1000
13101,1000
28226,1000
3738,1000
17515,1000
9645,1000
1011,1000
15089,1000
13073,1000
19771,1000
10584,1000
27059,1000
21017,1000
14185,1000
18041,1000
13005,1000
23118,1000
13419,1000
11842,1000
17628,1000
5941,1000
4023,1000
13442,1000
21742,1000
5621,1000
19292,1000
22831,1000
14500,1000
9725,1000
25868,1000
10395,1000
23387,1000
11710,1000
10856,1000
1738,1000
6343,1000
26645,1000
26666,1000
2748,1000
16920,1000
26473,1000
20846,1000
14517,1000
12461,1000
20612,1000
18779,1000
12360,1000
7318,1000
5753,1000
3260,1000
4194,1000
24380,1000
18263,1000
10853,1000
19614,1000
1195,1000
11047,1000
5366,1000
26196,1000
6605,1000
15024,1000
15279,1000
12873,1000
7990,1000
27323,1000
18943,1000
13242,1000
1571,1000
10751,1000
3608,1000
16616,1000
17420,1000
14455,1000
142,1000
27836,1000
15907,1000
15516,1000
21088,1000
12205,1000
20513,1000
26150,1000
24942,1000
15706,1000
6351,1000
23818,1000
5372,1000
25316,1000
8300,1000
23816,1000
2675,1000
18292,1000
25282,1000
10304,1000
25033,1000
4568,1000
7169,1000
8324,1000
4069,1000
14999,1000
1823,1000
21929,1000
22574,1000
2310,1000
4839,1000
18984,1000
1146,1000
10434,1000
21583,1000
11435,1000
17612,1000
19471,1000
8215,1000
14790,1000
27741,1000
12949,1000
12237,1000
5507,1000
5594,1000
13960,1000
2319,1000
26725,1000
21556,1000
12082,1000
8,1000
11778,1000
19010,1000
24082,1000
23495,1000
12683,1000
16398,1000
15035,1000
6786,1000
9846,1000
18905,1000
3778,1000
26550,1000
27725,1000
13948,1000
27895,1000
23039,1000
9204,1000
13608,1000
16534,1000
13487,1000
22493,1000
27902,1000
28330,1000
21207,1000
16593,1000
4193,1000
6966,1000
17837,1000
19867,1000
7377,1000
308,1000
4729,1000
9590,1000
3518,1000
1900,1000
13197,1000
28176,1000
2715,1000
12788,1000
20274,1000
2417,1000
6735,1000
7145,1000
13808,1000
8418,1000
22922,1000
4497,1000
3727,1000
11877,1000
23137,1000
14348,1000
9160,1000
27668,1000
13316,1000
18826,1000
24414,1000
18594,1000
8942,1000
24515,1000
22709,1000
8261,1000
3296,1000
18259,1000
10730,1000
6272,1000
22320,1000
8357,1000
20604,1000
4666,1000
16284,1000
17578,1000
23057,1000
1046,1000
14723,1000
19005,1000
6770,1000
776,1000
25808,1000
5445,1000
26009,1000
24466,1000
6943,1000
867,1000
19580,1000
24477,1000
24221,1000
22059,1000
14729,1000
12276,1000
26910,1000
26313,1000
19529,1000
7086,1000
14882,1000
3428,1000
28161,1000
15029,1000
26106,1000
14089,1000
26148,1000
28118,1000
1288,1000
2219,1000
22817,1000
13469,1000
898,1000
21814,1000
23715,1000
27239,1000
12877,1000
24333,1000
5041,1000
26583,1000
2612,1000
5336,1000
2503,1000
21437,1000
7008,1000
17370,1000
11874,1000
9614,1000
6404,1000
20840,1000
1687,1000
12843,1000
15742,1000
26510,1000
7596,1000
1782,1000
24811,1000
8066,1000
19832,1000
3432,1000
12326,1000
23269,1000
18652,1000
4063,1000
2205,1000
23624,1000
16985,1000
25893,1000
10391,1000
24740,1000
15071,1000
24691,1000
9711,1000
14400,1000
7910,1000
253,1000
28285,1000
900,1000
20711,1000
10253,1000
8659,1000
22446,1000
7580,1000
8540,1000
26021,1000
18042,1000
27495,1000
15067,1000
26941,1000
4383,1000
7459,1000
18154,1000
19196,1000
20503,1000
21225,1000
10942,1000
9862,1000
24849,1000
26911,1000
24023,1000
5049,1000
12025,1000
5987,1000
28669,1000
27266,1000
23547,1000
15007,1000
8973,1000
24196,1000
19188,1000
4935,1000
25362,1000
12218,1000
6814,1000
26630,1000
19407,1000
13817,1000
27592,1000
5423,1000
24786,1000
7016,1000
19136,1000
24504,1000
15601,1000
8907,1000
15126,1000
21110,1000
15206,1000
18363,1000
4129,1000
23771,1000
2201,1000
17745,1000
5369,1000
17289,1000
22547,1000
9330,1000
5096,1000
24996,1000
15478,1000
5315,1000
17060,1000
4056,1000
19872,1000
19258,1000
19953,1000
13696,1000
3348,1000
4688,1000
21640,1000
24240,1000
10403,1000
501,1000
27703,1000
7843,1000
26210,1000
17234,1000
26467,1000
18821,1000
16567,1000
9176,1000
752,1000
21679,1000
4283,1000
12406,1000
18774,1000
14858,1000
3492,1000
21752,1000
16527,1000
1120,1000
8873,1000
27962,1000
5853,1000
12958,1000
4228,1000
7015,1000
12486,1000
1198,1000
15976,1000
21137,1000
925,1000
20965,1000
2513,1000
11606,1000
13325,1000
18465,1000
21035,1000
9843,1000
3043,1000
5573,1000
28497,1000
14516,1000
5045,1000
6417,1000
623,1000
4306,1000
22319,1000
21979,1000
4762,1000
19893,1000
24748,1000
28752,1000
2188,1000
24624,1000
12092,1000
6341,1000
13807,1000
16041,1000
9644,1000
27028,1000
22958,1000
27768,1000
7300,1000
11648,1000
12235,1000
5085,1000
23914,1000
10628,1000
16689,1000
17215,1000
9016,1000
24457,1000
27382,1000
1253,1000
5843,1000
23595,1000
28478,1000
4562,1000
27258,1000
20330,1000
10446,1000
4104,1000
19220,1000
26918,1000
16955,1000
6835,1000
18809,1000
27409,1000
16007,1000
2735,1000
12640,1000
27688,1000
12808,1000
13307,1000
23421,1000
2164,1000
12159,1000
13525,1000
25800,1000
10058,1000
20952,1000
21615,1000
26356,1000
12912,1000
24271,1000
23489,1000
20621,1000
8769,1000
7924,1000
25664,1000
11153,1000
15451,1000
2908,1000
7704,1000
2035,1000
27831,1000
15308,1000
11831,1000
18985,1000
5627,1000
8870,1000
17274,1000
15935,1000
4827,1000
11296,1000
25507,1000
12590,1000
7994,1000
20521,1000
23129,1000
14499,1000
2023,1000
3579,1000
28746,1000
20897,1000
23478,1000
18626,1000
23689,1000
19130,1000
23997,1000
28218,1000
12538,1000
17191,1000
25109,1000
20386,1000
18969,1000
1442,1000
28233,1000
26452,1000
1666,1000
17287,1000
10308,1000
13774,1000
4426,1000
23264,1000
25767,1000
8575,1000
19473,1000
2314,1000
11660,1000
17995,1000
21237,1000
89,1000
4818,1000
165,1000
4893,1000
59,1000
5349,1000
17348,1000
17367,1000
9435,1000
6237,1000
18063,1000
21091,1000
23165,1000
7414,1000
23962,1000
25081,1000
835,1000
3662,1000
23221,1000
6964,1000
19239,1000
4019,1000
15780,1000
23177,1000
10642,1000
17390,1000
24016,1000
4895,1000
25187,1000
8394,1000
22138,1000
8022,1000
16342,1000
23150,1000
13142,1000
15509,1000
25766,1000
21468,1000
19937,1000
13612,1000
24567,1000
26939,1000
1024,1000
19684,1000
1917,1000
24198,1000
1663,1000
28678,1000
20163,1000
2751,1000
19366,1000
22779,1000
20281,1000
1597,1000
24116,1000
287,1000
11108,1000
18059,1000
13148,1000
18182,1000
19848,1000
25181,1000
20024,1000
18637,1000
1725,1000
13615,1000
20551,1000
21704,1000
9356,1000
14401,1000
7468,1000
16810,1000
2338,1000
22594,1000
4698,1000
26671,1000
4176,1000
21830,1000
15607,1000
4556,1000
17976,1000
16119,1000
9237,1000
27648,1000
22714,1000
15555,1000
22225,1000
22560,1000
11063,1000
22941,1000
17672,1000
7463,1000
23557,1000
15114,1000
24566,1000
7365,1000
19402,1000
1209,1000
7325,1000
662,1000
16938,1000
19829,1000
5770,1000
26174,1000
4530,1000
22522,1000
24202,1000
11621,1000
21528,1000
9085,1000
8014,1000
21426,1000
8528,1000
18902,1000
7598,1000
11106,1000
11742,1000
10675,1000
12103,1000
25039,1000
20614,1000
15453,1000
5784,1000
304,1000
5305,1000
7254,1000
12414,1000
166,1000
19904,1000
22331,1000
19465,1000
338,1000
27685,1000
11709,1000
741,1000
4338,1000
25979,1000
6511,1000
23678,1000
12589,1000
13707,1000
20730,1000
8061,1000
15785,1000
7905,1000
25227,1000
7337,1000
21477,1000
24643,1000
2821,1000
1607,1000
27661,1000
25882,1000
4725,1000
1724,1000
23596,1000
3181,1000
16645,1000
4967,1000
14158,1000
27532,1000
18066,1000
19958,1000
23966,1000
13740,1000
17695,1000
16491,1000
13749,1000
26124,1000
2988,1000
2231,1000
24059,1000
24212,1000
19290,1000
27970,1000
2142,1000
26442,1000
24859,1000
560,1000
22006,1000
13559,1000
4907,1000
388,1000
6480,1000
1961,1000
28016,1000
10965,1000
13659,1000
3089,1000
3063,1000
26616,1000
396,1000
3969,1000
2860,1000
10803,1000
19017,1000
21428,1000
18381,1000
22506,1000
7023,1000
4592,1000
608,1000
14956,1000
15269,1000
4822,1000
1079,1000
6307,1000
22358,1000
11188,1000
22127,1000
13007,1000
12234,1000
7369,1000
286,1000
9106,1000
12870,1000
7940,1000
12286,1000
21975,1000
3328,1000
16753,1000
9066,1000
1800,1000
1485,1000
23687,1000
8139,1000
27868,1000
7860,1000
20139,1000
19924,1000
28137,1000
22262,1000
28640,1000
16841,1000
8632,1000
12187,1000
12520,1000
4238,1000
23947,1000
28318,1000
15540,1000
1502,1000
28270,1000
19656,1000
23037,1000
12725,1000
7207,1000
5686,1000
14598,1000
9166,1000
1189,1000
351,1000
15650,1000
19154,1000
21105,1000
26121,1000
17023,1000
6382,1000
14453,1000
20570,1000
19436,1000
22500,1000
18724,1000
13051,1000
17368,1000
27317,1000
21525,1000
1656,1000
5930,1000
21104,1000
11157,1000
262,1000
13498,1000
8848,1000
16370,1000
21936,1000
2985,1000
28126,1000
13577,1000
6372,1000
1764,1000
3973,1000
24301,1000
7585,1000
11730,1000
21498,1000
797,1000
17634,1000
14378,1000
28342,1000
5327,1000
15432,1000
4102,1000
6271,1000
11114,1000
10126,1000
19445,1000
16585,1000
28702,1000
23366,1000
21264,1000
11665,1000
19174,1000
27817,1000
20926,1000
14912,1000
19725,1000
28303,1000
11968,1000
23445,1000
28237,1000
14495,1000
16246,1000
3286,1000
16412,1000
1279,1000
28142,1000
26684,1000
3049,1000
14349,1000
24211,1000
15311,1000
9307,1000
26743,1000
20919,1000
13151,1000
10332,1000
14857,1000
28629,1000
9093,1000
3311,1000
28292,1000
23974,1000
23234,1000
11755,1000
17434,1000
11359,1000
11401,1000
25562,1000
2606,1000
10088,1000
10800,1000
3185,1000
25047,1000
7739,1000
5974,1000
26411,1000
3802,1000
15736,1000
2519,1000
11382,1000
875,1000
7285,1000
8053,1000
11847,1000
27937,1000
25989,1000
26179,1000
13957,1000
20852,1000
6353,1000
22991,1000
20829,1000
14565,1000
5419,1000
1132,1000
11372,1000
20273,1000
6579,1000
22871,1000
2336,1000
12670,1000
18275,1000
5710,1000
18413,1000
27751,1000
27156,1000
7267,1000
19264,1000
12701,1000
11131,1000
22761,1000
6807,1000
12889,1000
5451,1000
23347,1000
22938,1000
3381,1000
1969,1000
16420,1000
7441,1000
21943,1000
9208,1000
9801,1000
14997,1000
21483,1000
5438,1000
24902,1000
26073,1000
20048,1000
5074,1000
8957,1000
17197,1000
28761,1000
14822,1000
10637,1000
337,1000
22830,1000
22335,1000
21377,1000
20083,1000
12997,1000
411,1000
11758,1000
22971,1000
16219,1000
3095,1000
19476,1000
11156,1000
21961,1000
242,1000
23261,1000
19586,1000
16565,1000
11364,1000
26761,1000
20294,1000
22520,1000
2565,1000
8354,1000
11567,1000
27527,1000
15147,1000
17821,1000
22403,1000
12632,1000
12287,1000
21501,1000
9931,1000
23552,1000
24524,1000
25351,1000
27955,1000
433,1000
28519,1000
3571,1000
26957,1000
22361,1000
23677,1000
9320,1000
23763,1000
18705,1000
12562,1000
16889,1000
11610,1000
6028,1000
15560,1000
26209,1000
12765,1000
13210,1000
11546,1000
12340,1000
23767,1000
21790,1000
15106,1000
8150,1000
7944,1000
9786,1000
12197,1000
12317,1000
17599,1000
13684,1000
25853,1000
18546,1000
13788,1000
7727,1000
10744,1000
1470,1000
434,1000
4458,1000
24071,1000
25534,1000
16467,1000
22915,1000
24160,1000
8624,1000
1933,1000
9554,1000
28139,1000
7718,1000
10042,1000
22708,1000
24318,1000
25313,1000
25789,1000
25394,1000
21478,1000
17339,1000
23640,1000
10432,1000
156,1000
2937,1000
10367,1000
20022,1000
2518,1000
5762,1000
22847,1000
15782,1000
20744,1000
13145,1000
3985,1000
16838,1000
25330,1000
19568,1000
23301,1000
18842,1000
2402,1000
2214,1000
5750,1000
19240,1000
17828,1000
16600,1000
2124,1000
24415,1000
17583,1000
14432,1000
13683,1000
3815,1000
4180,1000
16589,1000
17511,1000
18243,1000
26172,1000
15495,1000
5596,1000
90,1000
19263,1000
3272,1000
1555,1000
6370,1000
1983,1000
4349,1000
10195,1000
15615,1000
19088,1000
11166,1000
27604,1000
13057,1000
7893,1000
4711,1000
1078,1000
2583,1000
6732,1000
18840,1000
18568,1000
15901,1000
15778,1000
2127,1000
27654,1000
15649,1000
16833,1000
27190,1000
14406,1000
20098,1000
8697,1000
1631,1000
7272,1000
7908,1000
12425,1000
8248,1000
1362,1000
6477,1000
10138,1000
7232,1000
20498,1000
19025,1000
27216,1000
2148,1000
3227,1000
28183,1000
10997,1000
1533,1000
6615,1000
10504,1000
25755,1000
23801,1000
12571,1000
12603,1000
4041,1000
28088,1000
2217,1000
5062,1000
7500,1000
14931,1000
3008,1000
23952,1000
20881,1000
16728,1000
22961,1000
25342,1000
13475,1000
8583,1000
19506,1000
3378,1000
1060,1000
7466,1000
2781,1000
21283,1000
19609,1000
12043,1000
9978,1000
7963,1000
5476,1000
10364,1000
22484,1000
1701,1000
8437,1000
11100,1000
23040,1000
7001,1000
4744,1000
14855,1000
22362,1000
10114,1000
15820,1000
23983,1000
1405,1000
17777,1000
16599,1000
1848,1000
22306,1000
16459,1000
26339,1000
8455,1000
4569,1000
24480,1000
21044,1000
15046,1000
9781,1000
5242,1000
3530,1000
12891,1000
732,1000
3503,1000
9615,1000
23693,1000
4307,1000
26372,1000
23832,1000
14342,1000
22435,1000
19163,1000
16908,1000
6996,1000
5268,1000
5908,1000
25790,1000
18864,1000
10722,1000
12232,1000
9998,1000
9731,1000
19147,1000
4546,1000
9625,1000
4723,1000
28531,1000
10300,1000
27225,1000
10010,1000
25306,1000
14102,1000
6166,1000
18744,1000
15371,1000
15180,1000
13953,1000
2913,1000
20524,1000
24514,1000
27467,1000
7750,1000
7641,1000
15439,1000
23719,1000
11397,1000
21241,1000
21823,1000
19032,1000
2088,1000
27217,1000
5537,1000
11777,1000
17561,1000
7266,1000
6508,1000
26237,1000
21795,1000
16254,1000
23304,1000
24712,1000
9944,1000
11263,1000
24386,1000
897,1000
18745,1000
136,1000
10512,1000
10807,1000
9081,1000
14967,1000
7163,1000
8757,1000
22243,1000
9932,1000
405,1000
24372,1000
3547,1000
11800,1000
11013,1000
7097,1000
27778,1000
22540,1000
26954,1000
15634,1000
2900,1000
13843,1000
19434,1000
25329,1000
6275,1000
27925,1000
20160,1000
5798,1000
13486,1000
7642,1000
12991,1000
20080,1000
16309,1000
1781,1000
26677,1000
28471,1000
3254,1000
10193,1000
2680,1000
21534,1000
7450,1000
10333,1000
28275,1000
25398,1000
23373,1000
5459,1000
17755,1000
13782,1000
1473,1000
20436,1000
26617,1000
10064,1000
16480,1000
26377,1000
18279,1000
4790,1000
18593,1000
27285,1000
8816,1000
15931,1000
9989,1000
10150,1000
14159,1000
7437,1000
28083,1000
12819,1000
25022,1000
2326,1000
26399,1000
11773,1000
25344,1000
2752,1000
24403,1000
921,1000
24854,1000
10539,1000
860,1000
3011,1000
8512,1000
16704,1000
21327,1000
24587,1000
5138,1000
4442,1000
6240,1000
11629,1000
6428,1000
1951,1000
18796,1000
17812,1000
27628,1000
15414,1000
24824,1000
7336,1000
17494,1000
25295,1000
11076,1000
15264,1000
17813,1000
23628,1000
11031,1000
12718,1000
27634,1000
27082,1000
23540,1000
14363,1000
16394,1000
23627,1000
16655,1000
4343,1000
17307,1000
4650,1000
16763,1000
10888,1000
17963,1000
23164,1000
7555,1000
7439,1000
17147,1000
16337,1000
1994,1000
17819,1000
21064,1000
13467,1000
21276,1000
16378,1000
20053,1000
11940,1000
1122,1000
27194,1000
8008,1000
26038,1000
8132,1000
11211,1000
17450,1000
10516,1000
4743,1000
5884,1000
22997,1000
3928,1000
18539,1000
26340,1000
27509,1000
6168,1000
23708,1000
22948,1000
10257,1000
26834,1000
14164,1000
5663,1000
8278,1000
3981,1000
4014,1000
27587,1000
12363,1000
11936,1000
10152,1000
22736,1000
11451,1000
663,1000
16992,1000
7853,1000
7442,1000
15811,1000
12268,1000
14567,1000
3192,1000
25122,1000
8505,1000
9282,1000
16583,1000
3468,1000
11205,1000
21208,1000
6298,1000
21846,1000
10515,1000
14241,1000
75,1000
25490,1000
2468,1000
21532,1000
2007,1000
22989,1000
18319,1000
3050,1000
26260,1000
12573,1000
18968,1000
1126,1000
18942,1000
3827,1000
24910,1000
20986,1000
16379,1000
5516,1000
15612,1000
14606,1000
25796,1000
4712,1000
7101,1000
23042,1000
17775,1000
21776,1000
26043,1000
4018,1000
5644,1000
15638,1000
25212,1000
1659,1000
9207,1000
13063,1000
16673,1000
15179,1000
8421,1000
16207,1000
17395,1000
22347,1000
14560,1000
13273,1000
26731,1000
20592,1000
5183,1000
10037,1000
1732,1000
22131,1000
17193,1000
6032,1000
2863,1000
8899,1000
4401,1000
5819,1000
1843,1000
6080,1000
10261,1000
26478,1000
6587,1000
12419,1000
2022,1000
27552,1000
5392,1000
25586,1000
21560,1000
12757,1000
17832,1000
8814,1000
10733,1000
23339,1000
3401,1000
52,1000
16356,1000
16682,1000
27379,1000
4602,1000
9194,1000
14414,1000
17560,1000
26825,1000
28580,1000
22421,1000
3841,1000
1692,1000
15940,1000
14385,1000
86,1000
4749,1000
696,1000
28636,1000
3654,1000
17931,1000
8417,1000
400,1000
15091,1000
8487,1000
21536,1000
11872,1000
11625,1000
17564,1000
18385,1000
8926,1000
2579,1000
11860,1000
21294,1000
27994,1000
4628,1000
10681,1000
28277,1000
14352,1000
7344,1000
9432,1000
8779,1000
16037,1000
105,1000
6494,1000
2429,1000
11215,1000
5361,1000
19751,1000
13294,1000
8515,1000
13076,1000
13296,1000
2531,1000
3027,1000
6431,1000
1760,1000
692,1000
13628,1000
21493,1000
23718,1000
12524,1000
16468,1000
26251,1000
17276,1000
16582,1000
6310,1000
5520,1000
18579,1000
6202,1000
14663,1000
28140,1000
5631,1000
19090,1000
28509,1000
19415,1000
2812,1000
11234,1000
13616,1000
28020,1000
24061,1000
18120,1000
8997,1000
25613,1000
21894,1000
5923,1000
17008,1000
14622,1000
19058,1000
2876,1000
14985,1000
7020,1000
23834,1000
15203,1000
10493,1000
4690,1000
16887,1000
9239,1000
27557,1000
13965,1000
4150,1000
1191,1000
23394,1000
12645,1000
370,1000
15915,1000
18173,1000
17216,1000
15988,1000
1650,1000
16658,1000
2750,1000
2244,1000
3017,1000
26560,1000
1633,1000
6040,1000
8567,1000
7071,1000
15590,1000
24028,1000
22675,1000
1585,1000
4563,1000
15587,1000
22042,1000
4777,1000
13308,1000
11231,1000
2607,1000
7433,1000
22698,1000
4246,1000
8956,1000
1067,1000
16554,1000
28005,1000
8381,1000
28070,1000
7717,1000
9923,1000
21281,1000
21305,1000
13406,1000
18274,1000
15284,1000
20940,1000
5985,1000
21143,1000
3091,1000
17690,1000
21296,1000
1134,1000
15260,1000
20482,1000
8703,1000
12919,1000
25744,1000
25563,1000
24040,1000
1638,1000
28062,1000
17400,1000
18585,1000
24525,1000
1608,1000
3931,1000
5889,1000
1240,1000
10294,1000
5629,1000
26571,1000
4294,1000
2743,1000
383,1000
8549,1000
25058,1000
14077,1000
19594,1000
10399,1000
19654,1000
27610,1000
4721,1000
21809,1000
18214,1000
11552,1000
6332,1000
17394,1000
21671,1000
9095,1000
17791,1000
17261,1000
24983,1000
1339,1000
226,1000
5585,1000
28503,1000
15419,1000
25235,1000
23293,1000
12522,1000
491,1000
17949,1000
22437,1000
8577,1000
8182,1000
16563,1000
18062,1000
3277,1000
17480,1000
26848,1000
1381,1000
21632,1000
26591,1000
11512,1000
20345,1000
4713,1000
2553,1000
25442,1000
8273,1000
22425,1000
26851,1000
25753,1000
12167,1000
1329,1000
8137,1000
24262,1000
20850,1000
5999,1000
8663,1000
12321,1000
24906,1000
10429,1000
19693,1000
7346,1000
19884,1000
11722,1000
2771,1000
6821,1000
8059,1000
2475,1000
25100,1000
7636,1000
15475,1000
1190,1000
21678,1000
27476,1000
4667,1000
23573,1000
375,1000
19482,1000
23896,1000
5265,1000
7927,1000
20928,1000
307,1000
17236,1000
1243,1000
17635,1000
15757,1000
24227,1000
28216,1000
7200,1000
8939,1000
17936,1000
21594,1000
18912,1000
2274,1000
12382,1000
26341,1000
5095,1000
26892,1000
25419,1000
125,1000
4042,1000
13189,1000
17451,1000
22827,1000
12921,1000
26552,1000
28732,1000
17069,1000
3776,1000
3595,1000
8147,1000
7465,1000
24008,1000
16329,1000
23965,1000
15208,1000
2271,1000
6926,1000
4231,1000
14909,1000
20334,1000
6950,1000
10841,1000
25901,1000
10025,1000
14528,1000
5797,1000
22756,1000
14917,1000
6116,1000
6789,1000
1278,1000
26695,1000
12295,1000
10509,1000
6448,1000
13392,1000
2481,1000
10475,1000
18291,1000
2167,1000
1337,1000
16011,1000
22630,1000
28286,1000
7121,1000
24678,1000
8770,1000
22157,1000
23511,1000
16719,1000
1297,1000
5570,1000
26453,1000
9209,1000
26609,1000
4508,1000
18146,1000
6643,1000
21535,1000
14593,1000
25327,1000
14402,1000
21148,1000
16614,1000
10461,1000
22250,1000
2026,1000
26846,1000
21156,1000
1838,1000
25379,1000
247,1000
8263,1000
7430,1000
8249,1000
23584,1000
17432,1000
19552,1000
670,1000
21289,1000
7142,1000
16621,1000
17068,1000
19626,1000
8649,1000
20867,1000
23053,1000
18159,1000
13915,1000
27583,1000
25402,1000
23011,1000
10772,1000
7233,1000
9135,1000
9483,1000
6764,1000
23791,1000
26502,1000
1658,1000
20385,1000
6383,1000
1860,1000
8330,1000
27058,1000
22272,1000
3237,1000
19305,1000
4236,1000
19708,1000
10185,1000
24785,1000
26794,1000
14998,1000
4441,1000
3521,1000
7958,1000
21996,1000
23087,1000
3600,1000
26472,1000
11856,1000
27253,1000
12713,1000
22310,1000
9248,1000
9133,1000
3903,1000
1438,1000
21485,1000
3214,1000
23316,1000
14752,1000
26621,1000
7640,1000
3423,1000
24926,1000
21541,1000
1596,1000
431,1000
3475,1000
4741,1000
14903,1000
13690,1000
17905,1000
17647,1000
4172,1000
27896,1000
4740,1000
3224,1000
8702,1000
2758,1000
12581,1000
15370,1000
1955,1000
12046,1000
16575,1000
6667,1000
23794,1000
25466,1000
8527,1000
9109,1000
13987,1000
11889,1000
931,1000
5803,1000
12242,1000
27603,1000
3037,1000
26276,1000
21429,1000
6109,1000
3560,1000
12347,1000
1418,1000
6490,1000
10105,1000
9980,1000
15344,1000
18018,1000
12720,1000
28192,1000
6256,1000
15826,1000
15102,1000
21775,1000
19341,1000
21773,1000
15064,1000
14156,1000
16661,1000
5280,1000
23819,1000
25085,1000
11523,1000
10544,1000
25596,1000
25570,1000
24757,1000
16954,1000
18856,1000
2272,1000
13864,1000
24875,1000
12748,1000
3944,1000
10310,1000
24340,1000
15546,1000
14202,1000
5761,1000
26218,1000
28453,1000
3932,1000
7873,1000
7842,1000
9422,1000
8918,1000
11028,1000
7714,1000
8018,1000
18950,1000
28128,1000
4195,1000
24790,1000
28611,1000
130,1000
3142,1000
5630,1000
4730,1000
3055,1000
926,1000
9359,1000
26737,1000
14746,1000
3540,1000
20342,1000
23084,1000
21926,1000
24079,1000
27517,1000
24493,1000
10729,1000
24390,1000
28747,1000
492,1000
21279,1000
4663,1000
806,1000
11958,1000
16720,1000
13364,1000
28234,1000
25597,1000
3061,1000
24900,1000
12662,1000
15216,1000
6,1000
12656,1000
5566,1000
830,1000
22044,1000
14580,1000
5768,1000
22395,1000
19645,1000
25509,1000
14587,1000
28203,1000
3439,1000
14314,1000
14823,1000
17972,1000
22371,1000
14694,1000
25408,1000
9885,1000
24945,1000
4540,1000
14054,1000
20624,1000
3396,1000
8887,1000
1574,1000
22791,1000
6676,1000
16959,1000
25845,1000
20929,1000
20756,1000
9802,1000
8833,1000
15494,1000
17388,1000
1169,1000
17086,1000
544,1000
10904,1000
3172,1000
2564,1000
1715,1000
13793,1000
4622,1000
7265,1000
4502,1000
15138,1000
4799,1000
22082,1000
6304,1000
4499,1000
9485,1000
14904,1000
2138,1000
1202,1000
24287,1000
18765,1000
15518,1000
11729,1000
13017,1000
25812,1000
20557,1000
12073,1000
12157,1000
14979,1000
6627,1000
28782,1000
25092,1000
6742,1000
11118,1000
1117,1000
5897,1000
16266,1000
10561,1000
17150,1000
27683,1000
21587,1000
8948,1000
19167,1000
25179,1000
10731,1000
20736,1000
6289,1000
16968,1000
14551,1000
25151,1000
6891,1000
6512,1000
24049,1000
1988,1000
11967,1000
1914,1000
17863,1000
23123,1000
6884,1000
22218,1000
24297,1000
1281,1000
2098,1000
27633,1000
11873,1000
20666,1000
4361,1000
8062,1000
15051,1000
17712,1000
11322,1000
21610,1000
8736,1000
24265,1000
24791,1000
11979,1000
9303,1000
27764,1000
21884,1000
27686,1000
1888,1000
27839,1000
22203,1000
1475,1000
12957,1000
26076,1000
11598,1000
25732,1000
20357,1000
24488,1000
23443,1000
4867,1000
28654,1000
8941,1000
27415,1000
23651,1000
24048,1000
9001,1000
5553,1000
23346,1000
3926,1000
25537,1000
2722,1000
8775,1000
18048,1000
15998,1000
23532,1000
8168,1000
879,1000
10900,1000
11545,1000
14095,1000
28729,1000
27804,1000
12812,1000
3383,1000
27044,1000
6973,1000
3133,1000
1004,1000
20659,1000
5504,1000
2447,1000
27089,1000
28122,1000
6156,1000
5389,1000
24001,1000
8005,1000
13775,1000
4718,1000
5061,1000
18395,1000
21530,1000
2432,1000
27086,1000
6862,1000
23517,1000
7012,1000
19793,1000
22311,1000
7223,1000
19623,1000
24161,1000
4277,1000
6580,1000
5089,1000
16825,1000
2765,1000
24402,1000
7047,1000
21210,1000
25308,1000
6562,1000
5278,1000
3052,1000
3760,1000
21200,1000
5673,1000
8675,1000
25186,1000
7294,1000
22155,1000
4487,1000
20286,1000
9099,1000
25172,1000
11913,1000
25209,1000
25878,1000
417,1000
1143,1000
27593,1000
11469,1000
18080,1000
2933,1000
5001,1000
27753,1000
25671,1000
12876,1000
3152,1000
25724,1000
24738,1000
2907,1000
8333,1000
4997,1000
27680,1000
3148,1000
1184,1000
18987,1000
15658,1000
2100,1000
21860,1000
647,1000
12798,1000
4472,1000
9556,1000
18233,1000
2957,1000
28666,1000
10047,1000
288,1000
21546,1000
7733,1000
28222,1000
11069,1000
10388,1000
27851,1000
24384,1000
7158,1000
5148,1000
26637,1000
25312,1000
3555,1000
14045,1000
4296,1000
18791,1000
8177,1000
16271,1000
6177,1000
18974,1000
24919,1000
15155,1000
27238,1000
2627,1000
27308,1000
7416,1000
7966,1000
5094,1000
20750,1000
15374,1000
5845,1000
28131,1000
13762,1000
11144,1000
20354,1000
6938,1000
26927,1000
14139,1000
962,1000
28390,1000
23774,1000
4630,1000
27254,1000
27403,1000
24112,1000
26269,1000
9629,1000
25650,1000
6838,1000
24761,1000
14976,1000
17371,1000
20414,1000
14126,1000
21424,1000
4950,1000
11655,1000
14030,1000
3764,1000
17549,1000
13858,1000
14322,1000
4250,1000
26798,1000
11539,1000
9062,1000
4909,1000
14695,1000
27920,1000
21944,1000
25572,1000
21721,1000
23869,1000
3884,1000
13757,1000
10234,1000
26716,1000
11286,1000
22077,1000
10951,1000
15916,1000
7974,1000
24345,1000
315,1000
3728,1000
26049,1000
28092,1000
14143,1000
2270,1000
22084,1000
28641,1000
6050,1000
1487,1000
20542,1000
20857,1000
19525,1000
28596,1000
11844,1000
10811,1000
19799,1000
26220,1000
27237,1000
5102,1000
5418,1000
13613,1000
16308,1000
589,1000
19400,1000
3896,1000
25784,1000
5730,1000
20948,1000
3359,1000
17029,1000
13257,1000
18456,1000
23128,1000
15962,1000
17787,1000
14923,1000
17379,1000
12354,1000
23368,1000
502,1000
12387,1000
5588,1000
14571,1000
13347,1000
7814,1000
23258,1000
23369,1000
19444,1000
21043,1000
2623,1000
27574,1000
6499,1000
4854,1000
2414,1000
25363,1000
23735,1000
20639,1000
13179,1000
7857,1000
21164,1000
20122,1000
19008,1000
6521,1000
5158,1000
7096,1000
24618,1000
27325,1000
6839,1000
15969,1000
11801,1000
17448,1000
10069,1000
11862,1000
27562,1000
2125,1000
19501,1000
26283,1000
11854,1000
6292,1000
25007,1000
3478,1000
12786,1000
5277,1000
22550,1000
17347,1000
14290,1000
9570,1000
28632,1000
254,1000
15362,1000
11928,1000
12972,1000
23505,1000
12593,1000
7656,1000
15098,1000
15657,1000
1812,1000
16942,1000
24110,1000
22885,1000
23513,1000
16150,1000
3873,1000
22581,1000
26358,1000
3310,1000
28690,1000
10098,1000
6830,1000
2020,1000
25219,1000
20683,1000
1409,1000
21350,1000
6510,1000
16544,1000
25425,1000
10448,1000
5287,1000
4428,1000
6538,1000
17948,1000
14014,1000
9870,1000
17541,1000
17317,1000
26556,1000
19679,1000
5813,1000
22428,1000
27064,1000
5551,1000
6628,1000
13083,1000
3202,1000
27351,1000
18783,1000
9492,1000
26707,1000
26306,1000
11024,1000
4991,1000
19530,1000
11351,1000
28463,1000
460,1000
27149,1000
1524,1000
10524,1000
16951,1000
2850,1000
19955,1000
461,1000
25216,1000
25025,1000
14422,1000
20915,1000
7845,1000
21063,1000
11183,1000
9338,1000
18600,1000
2464,1000
25296,1000
23734,1000
25205,1000
27613,1000
22423,1000
12011,1000
8352,1000
17143,1000
705,1000
8817,1000
10142,1000
24687,1000
6254,1000
21799,1000
8718,1000
15186,1000
25955,1000
7823,1000
5681,1000
28204,1000
18288,1000
3807,1000
93,1000
261,1000
28282,1000
21746,1000
3126,1000
9247,1000
1872,1000
5455,1000
18517,1000
16795,1000
23922,1000
14819,1000
24763,1000
19203,1000
18344,1000
28685,1000
17631,1000
26322,1000
11291,1000
17245,1000
25222,1000
17831,1000
11974,1000
9734,1000
25393,1000
17196,1000
8565,1000
26347,1000
26632,1000
8758,1000
12059,1000
7607,1000
16097,1000
19296,1000
28489,1000
24813,1000
14107,1000
7111,1000
19087,1000
27533,1000
17300,1000
4345,1000
6199,1000
20901,1000
6071,1000
4899,1000
12554,1000
16791,1000
3034,1000
9348,1000
12199,1000
7206,1000
11470,1000
4850,1000
6827,1000
3075,1000
14743,1000
15393,1000
20456,1000
13743,1000
5080,1000
6634,1000
2418,1000
20319,1000
6315,1000
2357,1000
2924,1000
5356,1000
13972,1000
18606,1000
10689,1000
8033,1000
22622,1000
7039,1000
27891,1000
2939,1000
25881,1000
20573,1000
11224,1000
12127,1000
17441,1000
9449,1000
6867,1000
7287,1000
23182,1000
25936,1000
7395,1000
17870,1000
10735,1000
22322,1000
15588,1000
7252,1000
23743,1000
15738,1000
5083,1000
21163,1000
2814,1000
2187,1000
23036,1000
26708,1000
21920,1000
2295,1000
12450,1000
20655,1000
20994,1000
24373,1000
16280,1000
5306,1000
8865,1000
26563,1000
15416,1000
1154,1000
15924,1000
18106,1000
24529,1000
7438,1000
17320,1000
13702,1000
7602,1000
7487,1000
8936,1000
9713,1000
25626,1000
7193,1000
4731,1000
12125,1000
28460,1000
6870,1000
24226,1000
10902,1000
11018,1000
1540,1000
4613,1000
24232,1000
12759,1000
20154,1000
2935,1000
2302,1000
703,1000
16109,1000
25714,1000
1131,1000
28078,1000
19071,1000
21785,1000
12821,1000
21763,1000
14307,1000
1884,1000
23484,1000
5425,1000
17417,1000
8966,1000
25444,1000
22120,1000
24707,1000
6808,1000
9185,1000
6395,1000
25734,1000
12070,1000
1523,1000
15220,1000
5894,1000
21003,1000
17994,1000
13637,1000
27411,1000
17149,1000
7856,1000
20304,1000
21948,1000
26231,1000
27063,1000
24192,1000
4798,1000
27909,1000
11389,1000
15221,1000
24180,1000
22694,1000
26202,1000
18421,1000
5572,1000
22086,1000
12399,1000
23049,1000
12038,1000
6368,1000
20417,1000
1236,1000
16335,1000
17121,1000
1148,1000
14452,1000
6955,1000
15846,1000
24548,1000
26746,1000
13591,1000
11883,1000
27404,1000
25440,1000
10136,1000
18427,1000
26778,1000
9144,1000
5337,1000
11064,1000
20966,1000
9196,1000
26515,1000
1074,1000
15167,1000
3870,1000
12000,1000
5694,1000
252,1000
3450,1000
19160,1000
1851,1000
6131,1000
10424,1000
5575,1000
19503,1000
25356,1000
25128,1000
319,1000
17,1000
4259,1000
18516,1000
22263,1000
2893,1000
15544,1000
8067,1000
6189,1000
18114,1000
778,1000
28224,1000
5639,1000
25435,1000
9789,1000
23510,1000
4211,1000
3068,1000
4871,1000
11824,1000
2024,1000
6301,1000
21928,1000
6975,1000
7455,1000
24328,1000
24923,1000
6063,1000
1324,1000
6309,1000
3323,1000
11358,1000
22053,1000
5592,1000
15176,1000
24267,1000
10854,1000
16156,1000
7690,1000
11420,1000
2990,1000
19455,1000
3626,1000
28633,1000
3374,1000
804,1000
1069,1000
9335,1000
2543,1000
18346,1000
27263,1000
24308,1000
27162,1000
10203,1000
7918,1000
18655,1000
28406,1000
18502,1000
11680,1000
1241,1000
16984,1000
22774,1000
469,1000
15984,1000
28261,1000
12744,1000
28506,1000
9996,1000
6946,1000
22767,1000
22187,1000
12930,1000
18396,1000
13587,1000
11577,1000
21559,1000
6339,1000
11137,1000
24572,1000
974,1000
25829,1000
21273,1000
27598,1000
14474,1000
1826,1000
4911,1000
13272,1000
21008,1000
14190,1000
27941,1000
17438,1000
18308,1000
28351,1000
21807,1000
13172,1000
20070,1000
1525,1000
26258,1000
20494,1000
6712,1000
2411,1000
1226,1000
13427,1000
15334,1000
2115,1000
23736,1000
1747,1000
14462,1000
17422,1000
18940,1000
16138,1000
14153,1000
5934,1000
17232,1000
24657,1000
22463,1000
3062,1000
8559,1000
10752,1000
15060,1000
7917,1000
9851,1000
25041,1000
22228,1000
22766,1000
8442,1000
2760,1000
7556,1000
6005,1000
25029,1000
2202,1000
6444,1000
21244,1000
21940,1000
5569,1000
28033,1000
3477,1000
19845,1000
27862,1000
15595,1000
18551,1000
11941,1000
16362,1000
26445,1000
16774,1000
3937,1000
23307,1000
21657,1000
5159,1000
6099,1000
18129,1000
5124,1000
5603,1000
15030,1000
27553,1000
24006,1000
26721,1000
5067,1000
11751,1000
15188,1000
10351,1000
25012,1000
5778,1000
15159,1000
20365,1000
11823,1000
7897,1000
23074,1000
20495,1000
27336,1000
18735,1000
9008,1000
4480,1000
5251,1000
20954,1000
10648,1000
5519,1000
18962,1000
21607,1000
2692,1000
3905,1000
17311,1000
22744,1000
18316,1000
21230,1000
27184,1000
12627,1000
1922,1000
28146,1000
2422,1000
13022,1000
1528,1000
25609,1000
416,1000
19013,1000
14710,1000
4582,1000
12332,1000
3009,1000
6817,1000
13287,1000
6048,1000
18795,1000
10838,1000
9550,1000
25479,1000
14334,1000
18383,1000
15403,1000
24853,1000
19397,1000
26180,1000
2723,1000
15075,1000
27695,1000
20706,1000
1678,1000
8612,1000
7531,1000
20466,1000
2423,1000
27630,1000
20656,1000
10418,1000
6077,1000
1690,1000
1047,1000
25851,1000
7255,1000
26970,1000
21764,1000
28357,1000
8296,1000
24896,1000
7293,1000
7398,1000
18116,1000
24404,1000
26523,1000
6473,1000
26204,1000
11493,1000
23919,1000
19760,1000
23050,1000
28415,1000
14445,1000
28615,1000
13661,1000
13331,1000
15779,1000
28612,1000
18514,1000
17163,1000
9732,1000
9520,1000
5015,1000
25731,1000
8384,1000
13236,1000
28419,1000
1836,1000
8683,1000
9502,1000
17741,1000
28486,1000
27523,1000
11588,1000
4988,1000
12980,1000
16677,1000
16044,1000
25474,1000
20277,1000
15856,1000
14780,1000
1343,1000
1269,1000
2567,1000
17376,1000
17340,1000
18753,1000
25069,1000
23115,1000
7665,1000
27252,1000
8058,1000
18890,1000
14590,1000
18054,1000
9778,1000
394,1000
23328,1000
3316,1000
15752,1000
11360,1000
27723,1000
17436,1000
28466,1000
21466,1000
4325,1000
26349,1000
878,1000
7306,1000
12661,1000
16541,1000
23539,1000
11343,1000
6644,1000
1149,1000
5439,1000
21431,1000
20288,1000
6024,1000
11918,1000
1541,1000
10612,1000
15762,1000
12489,1000
26145,1000
16257,1000
22546,1000
11845,1000
2199,1000
9392,1000
23702,1000
7198,1000
22820,1000
17129,1000
21696,1000
11558,1000
8759,1000
17727,1000
7907,1000
17135,1000
25821,1000
17607,1000
5508,1000
14022,1000
17673,1000
5719,1000
17999,1000
11209,1000
26995,1000
23709,1000
17969,1000
19144,1000
12801,1000
7350,1000
22058,1000
14788,1000
6798,1000
25220,1000
15646,1000
9887,1000
26589,1000
15979,1000
15161,1000
21741,1000
12511,1000
22647,1000
3393,1000
21012,1000
16232,1000
25524,1000
26293,1000
22967,1000
4775,1000
4064,1000
20987,1000
4223,1000
9664,1000
10760,1000
20540,1000
7581,1000
8989,1000
6716,1000
15803,1000
11101,1000
274,1000
15307,1000
9332,1000
3784,1000
14564,1000
27423,1000
7815,1000
21723,1000
18854,1000
8470,1000
28653,1000
13725,1000
4144,1000
17525,1000
634,1000
419,1000
3174,1000
5494,1000
20680,1000
21630,1000
7081,1000
13658,1000
27265,1000
1327,1000
12409,1000
12721,1000
21597,1000
17517,1000
3065,1000
13865,1000
7205,1000
25034,1000
25043,1000
2589,1000
277,1000
25747,1000
11094,1000
4319,1000
1112,1000
17773,1000
19526,1000
19779,1000
17351,1000
28517,1000
28661,1000
25217,1000
24769,1000
8650,1000
5298,1000
19293,1000
4581,1000
27601,1000
82,1000
21250,1000
8777,1000
26027,1000
15341,1000
20896,1000
28476,1000
6171,1000
27715,1000
1245,1000
21925,1000
20944,1000
10660,1000
6632,1000
19740,1000
16576,1000
25349,1000
6262,1000
5113,1000
19300,1000
20485,1000
20407,1000
9060,1000
5620,1000
22873,1000
3510,1000
19811,1000
15115,1000
28762,1000
9609,1000
15743,1000
25156,1000
2641,1000
24856,1000
25866,1000
7471,1000
9983,1000
21832,1000
18805,1000
13225,1000
16690,1000
3128,1000
17084,1000
16726,1000
13182,1000
3394,1000
15299,1000
3619,1000
21491,1000
19303,1000
9222,1000
15904,1000
1711,1000
18281,1000
5811,1000
26015,1000
1096,1000
902,1000
28613,1000
21314,1000
20020,1000
25384,1000
16697,1000
14921,1000
9158,1000
26155,1000
20183,1000
28013,1000
3504,1000
24430,1000
13499,1000
731,1000
6733,1000
12033,1000
4358,1000
20302,1000
23837,1000
1352,1000
11578,1000
1326,1000
1063,1000
6694,1000
27032,1000
4166,1000
24234,1000
27761,1000
25756,1000
18846,1000
6560,1000
11233,1000
4493,1000
10209,1000
22368,1000
5352,1000
18758,1000
21239,1000
22839,1000
23605,1000
6869,1000
28158,1000
22537,1000
2996,1000
16313,1000
7038,1000
6698,1000
9015,1000
20387,1000
13000,1000
7003,1000
12429,1000
12998,1000
13600,1000
4627,1000
17506,1000
1388,1000
652,1000
1795,1000
11799,1000
3624,1000
22004,1000
20934,1000
9685,1000
19269,1000
6696,1000
10889,1000
13043,1000
16499,1000
22713,1000
9087,1000
28540,1000
143,1000
4529,1000
28549,1000
15600,1000
11714,1000
8859,1000
972,1000
2608,1000
1559,1000
14146,1000
6115,1000
5831,1000
19755,1000
23299,1000
9424,1000
4553,1000
20329,1000
25930,1000
18252,1000
26820,1000
17562,1000
27290,1000
3794,1000
19837,1000
17120,1000
20114,1000
16935,1000
212,1000
3102,1000
1771,1000
18831,1000
20980,1000
11142,1000
22645,1000
5294,1000
16557,1000
26042,1000
18685,1000
2300,1000
14165,1000
14043,1000
12796,1000
28806,1000
18133,1000
15201,1000
12906,1000
21702,1000
18030,1000
21966,1000
25914,1000
2784,1000
11218,1000
18966,1000
16747,1000
26262,1000
25963,1000
24219,1000
17730,1000
25793,1000
22753,1000
12274,1000
27197,1000
22417,1000
6399,1000
9775,1000
14456,1000
27365,1000
12243,1000
25779,1000
24544,1000
20844,1000
25101,1000
1519,1000
5975,1000
13480,1000
26200,1000
12803,1000
15412,1000
1248,1000
11813,1000
22034,1000
4340,1000
2895,1000
22545,1000
18362,1000
24186,1000
1434,1000
6882,1000
26044,1000
19558,1000
12625,1000
13282,1000
943,1000
14786,1000
11102,1000
13723,1000
20303,1000
12761,1000
5359,1000
12501,1000
12607,1000
25532,1000
13174,1000
20460,1000
22465,1000
4002,1000
4421,1000
24067,1000
24166,1000
716,1000
3604,1000
5145,1000
11892,1000
26935,1000
23173,1000
3820,1000
18245,1000
1477,1000
25170,1000
8386,1000
3391,1000
20489,1000
12856,1000
22834,1000
16042,1000
28759,1000
23813,1000
2835,1000
1378,1000
4394,1000
27004,1000
10821,1000
9064,1000
486,1000
7072,1000
7898,1000
24223,1000
17277,1000
15366,1000
6054,1000
8179,1000
12348,1000
7920,1000
12723,1000
702,1000
20390,1000
11368,1000
23990,1000
26367,1000
28760,1000
23898,1000
1825,1000
16300,1000
19105,1000
23766,1000
22920,1000
19814,1000
1265,1000
2145,1000
20321,1000
23454,1000
28772,1000
14076,1000
21337,1000
27462,1000
5646,1000
16035,1000
13006,1000
24807,1000
22511,1000
17305,1000
17447,1000
1839,1000
16627,1000
11421,1000
26849,1000
18021,1000
17820,1000
27659,1000
12263,1000
21856,1000
9745,1000
9041,1000
19726,1000
26748,1000
13509,1000
3755,1000
7592,1000
18367,1000
7045,1000
20359,1000
3302,1000
23619,1000
444,1000
888,1000
13821,1000
1179,1000
13320,1000
27501,1000
2862,1000
7773,1000
11837,1000
9988,1000
25271,1000
24376,1000
20161,1000
25551,1000
22481,1000
22062,1000
20995,1000
17024,1000
16775,1000
22238,1000
13582,1000
9611,1000
22841,1000
2747,1000
25382,1000
4395,1000
19092,1000
7838,1000
25544,1000
7801,1000
4279,1000
17552,1000
27597,1000
24041,1000
13663,1000
24451,1000
3941,1000
10743,1000
6492,1000
27580,1000
25877,1000
13604,1000
19686,1000
23911,1000
23681,1000
24399,1000
20464,1000
10181,1000
17862,1000
18135,1000
12907,1000
19630,1000
5546,1000
14389,1000
4219,1000
3963,1000
16343,1000
12422,1000
24716,1000
1435,1000
12315,1000
10595,1000
9648,1000
7724,1000
3144,1000
27074,1000
18976,1000
11884,1000
21957,1000
19598,1000
5766,1000
28659,1000
4444,1000
14498,1000
14316,1000
11867,1000
4998,1000
18121,1000
25703,1000
3836,1000
3930,1000
28338,1000
1537,1000
23326,1000
6739,1000
6066,1000
798,1000
9310,1000
3231,1000
17107,1000
9486,1000
11252,1000
16708,1000
19557,1000
12255,1000
28148,1000
7604,1000
9768,1000
18377,1000
22677,1000
1244,1000
11162,1000
9774,1000
5806,1000
19532,1000
15174,1000
19294,1000
9740,1000
6422,1000
16639,1000
6249,1000
9029,1000
20033,1000
85,1000
22810,1000
3848,1000
5885,1000
9704,1000
14963,1000
4046,1000
17178,1000
5759,1000
17071,1000
27744,1000
3933,1000
163,1000
27164,1000
11547,1000
17879,1000
9325,1000
10314,1000
16537,1000
28491,1000
9059,1000
8412,1000
642,1000
22172,1000
371,1000
16858,1000
2018,1000
14667,1000
19507,1000
6384,1000
5807,1000
17102,1000
917,1000
18335,1000
1859,1000
1156,1000
27234,1000
23163,1000
23272,1000
13956,1000
1192,1000
8295,1000
12551,1000
570,1000
25207,1000
303,1000
2195,1000
23676,1000
13564,1000
25056,1000
7431,1000
2660,1000
24571,1000
14383,1000
13692,1000
19048,1000
11111,1000
16743,1000
26581,1000
20290,1000
7197,1000
10244,1000
19267,1000
14004,1000
24366,1000
6756,1000
23155,1000
7055,1000
7865,1000
28527,1000
17093,1000
4263,1000
21515,1000
22348,1000
7387,1000
19588,1000
3808,1000
13969,1000
10653,1000
9398,1000
16019,1000
6879,1000
25960,1000
16882,1000
10977,1000
13847,1000
14798,1000
15288,1000
25573,1000
19177,1000
13565,1000
26236,1000
19394,1000
3425,1000
956,1000
8367,1000
5319,1000
22768,1000
10218,1000
8340,1000
26838,1000
24823,1000
24646,1000
19768,1000
27261,1000
3001,1000
1510,1000
16003,1000
16727,1000
21866,1000
11422,1000
26503,1000
4534,1000
13304,1000
4840,1000
15085,1000
1976,1000
2819,1000
27150,1000
24418,1000
20324,1000
5698,1000
6323,1000
19790,1000
17762,1000
16806,1000
23303,1000
8327,1000
8800,1000
11294,1000
19833,1000
24329,1000
176,1000
21270,1000
4022,1000
24369,1000
5478,1000
7355,1000
14006,1000
13156,1000
24951,1000
6717,1000
17225,1000
22114,1000
1990,1000
3090,1000
24464,1000
17666,1000
6303,1000
27461,1000
3392,1000
6392,1000
11640,1000
12407,1000
10245,1000
22376,1000
6539,1000
12488,1000
10621,1000
15050,1000
27262,1000
26885,1000
24773,1000
4598,1000
20158,1000
9566,1000
17079,1000
10970,1000
11054,1000
2218,1000
895,1000
13562,1000
6606,1000
18451,1000
11354,1000
27155,1000
4079,1000
11593,1000
9817,1000
5025,1000
7228,1000
14147,1000
10422,1000
15428,1000
25506,1000
2845,1000
10000,1000
2664,1000
20278,1000
1811,1000
17160,1000
27679,1000
1707,1000
1440,1000
16536,1000
16395,1000
22687,1000
7422,1000
11672,1000
27288,1000
27400,1000
16625,1000
5169,1000
19035,1000
418,1000
1200,1000
22954,1000
27758,1000
11891,1000
8501,1000
23371,1000
20913,1000
13977,1000
10723,1000
26034,1000
23700,1000
15865,1000
10579,1000
19382,1000
17154,1000
22553,1000
18388,1000
7732,1000
28591,1000
17868,1000
21495,1000
14867,1000
24800,1000
10489,1000
28521,1000
23490,1000
10464,1000
2008,1000
24533,1000
8407,1000
23152,1000
3805,1000
9772,1000
2838,1000
336,1000
5982,1000
27568,1000
25118,1000
3850,1000
9153,1000
12284,1000
24460,1000
14975,1000
22857,1000
13971,1000
21817,1000
9271,1000
2961,1000
7645,1000
17295,1000
22569,1000
22305,1000
16856,1000
12978,1000
16323,1000
13686,1000
24424,1000
28369,1000
6697,1000
23826,1000
2556,1000
17945,1000
27305,1000
28734,1000
3648,1000
10492,1000
24215,1000
25095,1000
9259,1000
4511,1000
1545,1000
25482,1000
27570,1000
4705,1000
9394,1000
10732,1000
28333,1000
17108,1000
27879,1000
19651,1000
24832,1000
6949,1000
311,1000
20658,1000
11697,1000
7590,1000
27165,1000
4009,1000
27945,1000
8809,1000
23597,1000
6505,1000
3020,1000
8954,1000
12471,1000
4996,1000
16125,1000
2733,1000
18690,1000
15627,1000
3119,1000
4772,1000
4779,1000
2778,1000
15496,1000
20018,1000
18648,1000
27739,1000
5173,1000
27809,1000
26395,1000
7544,1000
18475,1000
11990,1000
28516,1000
18264,1000
18706,1000
21131,1000
21735,1000
26234,1000
22821,1000
3353,1000
16540,1000
16180,1000
18380,1000
26383,1000
1998,1000
8128,1000
9533,1000
19535,1000
3597,1000
18313,1000
19245,1000
13867,1000
26053,1000
11454,1000
24432,1000
10591,1000
7460,1000
3236,1000
3249,1000
17902,1000
23333,1000
17214,1000
4376,1000
9653,1000
20715,1000
25827,1000
18734,1000
13656,1000
26242,1000
11543,1000
6283,1000
10996,1000
17823,1000
22192,1000
1408,1000
18599,1000
9409,1000
27030,1000
8365,1000
19602,1000
448,1000
21183,1000
23608,1000
3430,1000
2179,1000
11551,1000
4597,1000
10976,1000
14442,1000
23891,1000
25399,1000
8068,1000
13733,1000
15561,1000
1481,1000
21783,1000
28059,1000
8237,1000
15817,1000
9673,1000
8556,1000
27591,1000
799,1000
20722,1000
8002,1000
20046,1000
28665,1000
1097,1000
13121,1000
7933,1000
21941,1000
24503,1000
12372,1000
2434,1000
9316,1000
11379,1000
41,1000
28213,1000
28038,1000
9752,1000
20006,1000
27066,1000
2150,1000
15899,1000
1260,1000
10981,1000
2067,1000
9150,1000
18324,1000
14736,1000
8541,1000
8208,1000
118,1000
9345,1000
6225,1000
18297,1000
26421,1000
28600,1000
17490,1000
14869,1000
856,1000
15290,1000
313,1000
21885,1000
10214,1000
12583,1000
8746,1000
26689,1000
27943,1000
20663,1000
16402,1000
22037,1000
1693,1000
14294,1000
26817,1000
282,1000
25191,1000
298,1000
3801,1000
23095,1000
5026,1000
6114,1000
16783,1000
27353,1000
14364,1000
1709,1000
9783,1000
4342,1000
21850,1000
15861,1000
7123,1000
14057,1000
27380,1000
3164,1000
9640,1000
9553,1000
19785,1000
5340,1000
9448,1000
13327,1000
20401,1000
10017,1000
10652,1000
11173,1000
715,1000
25792,1000
2263,1000
25834,1000
3337,1000
4155,1000
9390,1000
829,1000
10087,1000
4948,1000
1899,1000
18680,1000
14350,1000
7492,1000
22315,1000
15283,1000
11972,1000
14443,1000
14521,1000
7226,1000
21113,1000
550,1000
5776,1000
3256,1000
18051,1000
9122,1000
14008,1000
934,1000
27871,1000
5972,1000
20438,1000
18513,1000
429,1000
7112,1000
4760,1000
4593,1000
17136,1000
26430,1000
8225,1000
22787,1000
2554,1000
11300,1000
10256,1000
16141,1000
20421,1000
3894,1000
1930,1000
4835,1000
21626,1000
23281,1000
10978,1000
20444,1000
12628,1000
27789,1000
28394,1000
3889,1000
5091,1000
4242,1000
13186,1000
23205,1000
12438,1000
11503,1000
17651,1000
24756,1000
7218,1000
20251,1000
28797,1000
24470,1000
24299,1000
18000,1000
17845,1000
20170,1000
8489,1000
18506,1000
4754,1000
20705,1000
585,1000
4251,1000
14300,1000
3777,1000
7526,1000
27013,1000
17986,1000
13199,1000
4671,1000
19169,1000
17630,1000
27299,1000
24453,1000
18333,1000
4555,1000
16377,1000
11400,1000
19911,1000
14799,1000
23846,1000
23712,1000
7196,1000
8851,1000
12339,1000
10869,1000
16611,1000
23338,1000
26158,1000
4920,1000
2561,1000
27827,1000
26169,1000
17385,1000
5223,1000
6986,1000
11181,1000
19311,1000
103,1000
11568,1000
18814,1000
28529,1000
4261,1000
8994,1000
1741,1000
5560,1000
26056,1000
21263,1000
27115,1000
18722,1000
3549,1000
7514,1000
26810,1000
21582,1000
5574,1000
23290,1000
9580,1000
20717,1000
5115,1000
6893,1000
19081,1000
13269,1000
84,1000
22627,1000
13594,1000
27707,1000
11275,1000
5256,1000
4859,1000
17731,1000
27414,1000
22891,1000
6793,1000
16756,1000
13834,1000
19062,1000
7427,1000
6415,1000
15262,1000
5744,1000
9949,1000
26730,1000
19119,1000
23254,1000
16542,1000
1201,1000
25015,1000
28258,1000
2159,1000
26144,1000
24545,1000
10443,1000
17496,1000
8576,1000
18219,1000
7880,1000
15350,1000
8131,1000
19752,1000
21176,1000
24224,1000
622,1000
20653,1000
21949,1000
5313,1000
23549,1000
1729,1000
24709,1000
3753,1000
14440,1000
20452,1000
6520,1000
6974,1000
26267,1000
1012,1000
19879,1000
11980,1000
6146,1000
19288,1000
18775,1000
5604,1000
24065,1000
23780,1000
2696,1000
27876,1000
20480,1000
14115,1000
21376,1000
25900,1000
1827,1000
9575,1000
9047,1000
24969,1000
473,1000
25060,1000
15934,1000
22765,1000
4121,1000
25974,1000
7040,1000
27537,1000
27841,1000
3821,1000
28739,1000
5994,1000
28001,1000
14170,1000
21456,1000
10789,1000
28380,1000
7464,1000
10405,1000
9373,1000
24355,1000
14705,1000
25557,1000
5066,1000
27369,1000
4674,1000
19295,1000
25945,1000
6263,1000
25964,1000
15662,1000
25035,1000
18126,1000
14303,1000
12994,1000
4196,1000
19754,1000
24392,1000
11667,1000
17878,1000
9459,1000
20060,1000
27282,1000
26224,1000
21852,1000
11747,1000
9536,1000
23406,1000
18435,1000
8136,1000
1778,1000
17706,1000
12659,1000
18304,1000
3656,1000
6245,1000
22822,1000
4101,1000
3301,1000
20346,1000
27054,1000
17074,1000
27026,1000
21318,1000
13614,1000
7686,1000
26680,1000
21257,1000
17005,1000
17292,1000
1949,1000
22638,1000
20755,1000
2711,1000
1898,1000
8091,1000
540,1000
14915,1000
13885,1000
18498,1000
13759,1000
25165,1000
20989,1000
14961,1000
16203,1000
8711,1000
25206,1000
14235,1000
27640,1000
14749,1000
26650,1000
22054,1000
22960,1000
9682,1000
20546,1000
22724,1000
1372,1000
11627,1000
27119,1000
15701,1000
15933,1000
14309,1000
26633,1000
11134,1000
2707,1000
14379,1000
12,1000
668,1000
5523,1000
2174,1000
12642,1000
24107,1000
12328,1000
10430,1000
8152,1000
5282,1000
16187,1000
16792,1000
5078,1000
15755,1000
1296,1000
16081,1000
9728,1000
6987,1000
22063,1000
8113,1000
1498,1000
7634,1000
16321,1000
15788,1000
9038,1000
5914,1000
12732,1000
938,1000
11787,1000
7977,1000
6992,1000
20862,1000
13988,1000
19237,1000
17372,1000
19862,1000
23062,1000
16098,1000
5360,1000
18370,1000
10068,1000
22412,1000
2902,1000
973,1000
1672,1000
12289,1000
27714,1000
20803,1000
6859,1000
21983,1000
16948,1000
3763,1000
9336,1000
17194,1000
27053,1000
23417,1000
28097,1000
23655,1000
19289,1000
407,1000
472,1000
20306,1000
25950,1000
26864,1000
11004,1000
5674,1000
8290,1000
9835,1000
8443,1000
14690,1000
2461,1000
11590,1000
26642,1000
3305,1000
7687,1000
26787,1000
16718,1000
16573,1000
3797,1000
18901,1000
17015,1000
18040,1000
13635,1000
8337,1000
8291,1000
19732,1000
24416,1000
20768,1000
27721,1000
26298,1000
9583,1000
23323,1000
19947,1000
8495,1000
15059,1000
13940,1000
3589,1000
8783,1000
22278,1000
8958,1000
3098,1000
19401,1000
27651,1000
9319,1000
11900,1000
28251,1000
2047,1000
18683,1000
20410,1000
18868,1000
11818,1000
17574,1000
24730,1000
27699,1000
11948,1000
7689,1000
10604,1000
11490,1000
18819,1000
27200,1000
6755,1000
5836,1000
19330,1000
1910,1000
12811,1000
20632,1000
2303,1000
147,1000
17754,1000
7301,1000
13125,1000
14533,1000
23817,1000
28430,1000
12275,1000
7878,1000
17037,1000
12459,1000
13279,1000
19359,1000
20949,1000
858,1000
27146,1000
22869,1000
26246,1000
13606,1000
1338,1000
1016,1000
9532,1000
3255,1000
8753,1000
3717,1000
7333,1000
23949,1000
4413,1000
28252,1000
22316,1000
5149,1000
325,1000
5541,1000
23964,1000
9412,1000
7351,1000
2825,1000
6695,1000
26882,1000
21455,1000
16845,1000
20001,1000
1331,1000
24879,1000
27857,1000
4617,1000
528,1000
3321,1000
11806,1000
4120,1000
1196,1000
19387,1000
14275,1000
19443,1000
14261,1000
12331,1000
26593,1000
487,1000
5949,1000
1420,1000
25488,1000
15539,1000
15731,1000
28133,1000
26673,1000
23313,1000
10054,1000
27828,1000
28524,1000
12945,1000
27203,1000
21923,1000
7779,1000
20301,1000
19909,1000
2903,1000
8836,1000
12940,1000
6841,1000
27390,1000
8830,1000
27019,1000
20623,1000
1996,1000
7247,1000
17623,1000
2076,1000
14207,1000
18473,1000
13375,1000
3529,1000
19212,1000
13669,1000
11962,1000
3076,1000
26099,1000
13497,1000
11483,1000
17038,1000
16411,1000
9311,1000
14278,1000
23589,1000
20510,1000
18166,1000
16615,1000
12641,1000
25292,1000
701,1000
8529,1000
23241,1000
9917,1000
26353,1000
25318,1000
11461,1000
22582,1000
14616,1000
21891,1000
14640,1000
18334,1000
21806,1000
23567,1000
6182,1000
12259,1000
7709,1000
9694,1000
9926,1000
24342,1000
8481,1000
493,1000
27024,1000
15316,1000
6553,1000
26931,1000
16909,1000
15152,1000
16048,1000
504,1000
5935,1000
4105,1000
1895,1000
27189,1000
3667,1000
28249,1000
19636,1000
5499,1000
22150,1000
12507,1000
23860,1000
1360,1000
9365,1000
25213,1000
27081,1000
24694,1000
5108,1000
8200,1000
24269,1000
27918,1000
6247,1000
12771,1000
22764,1000
2110,1000
21513,1000
18882,1000
5391,1000
17679,1000
25333,1000
27289,1000
19559,1000
4753,1000
1280,1000
7930,1000
25369,1000
11133,1000
9875,1000
19389,1000
4883,1000
8572,1000
25987,1000
4758,1000
3900,1000
19424,1000
18849,1000
2796,1000
20023,1000
13436,1000
7978,1000
15614,1000
13998,1000
25583,1000
18079,1000
22689,1000
26535,1000
6640,1000
5399,1000
23564,1000
15023,1000
24642,1000
26273,1000
10741,1000
3332,1000
10774,1000
14288,1000
21310,1000
2813,1000
595,1000
27929,1000
13524,1000
11302,1000
16549,1000
9826,1000
13812,1000
7969,1000
14866,1000
16288,1000
15630,1000
20360,1000
2038,1000
1336,1000
10586,1000
20234,1000
5817,1000
2426,1000
11225,1000
14129,1000
25619,1000
14441,1000
3403,1000
559,1000
5431,1000
15815,1000
19161,1000
4891,1000
4548,1000
16993,1000
25672,1000
14847,1000
24764,1000
7056,1000
21160,1000
18603,1000
28405,1000
10231,1000
15668,1000
16769,1000
5666,1000
11014,1000
2474,1000
19040,1000
12502,1000
28066,1000
26131,1000
19633,1000
11098,1000
10587,1000
19199,1000
25354,1000
9596,1000
5335,1000
880,1000
8071,1000
8318,1000
9792,1000
25781,1000
22070,1000
26858,1000
20584,1000
10060,1000
21136,1000
28648,1000
22570,1000
26115,1000
20398,1000
27352,1000
27860,1000
305,1000
8251,1000
15489,1000
2652,1000
7490,1000
9787,1000
9986,1000
7282,1000
19593,1000
4696,1000
16928,1000
5122,1000
13992,1000
2041,1000
28778,1000
2286,1000
2528,1000
16145,1000
7176,1000
3150,1000
9438,1000
19172,1000
18687,1000
5043,1000
19966,1000
23753,1000
26360,1000
23536,1000
13856,1000
422,1000
20748,1000
600,1000
8897,1000
26170,1000
1915,1000
4430,1000
25754,1000
5322,1000
8049,1000
7165,1000
17760,1000
7322,1000
28494,1000
21729,1000
11221,1000
16907,1000
13829,1000
2223,1000
4573,1000
27545,1000
22007,1000
24682,1000
840,1000
15986,1000
26498,1000
16399,1000
6948,1000
22998,1000
9387,1000
19076,1000
1346,1000
11705,1000
21772,1000
1557,1000
20635,1000
14651,1000
16167,1000
8366,1000
1230,1000
13089,1000
10536,1000
8279,1000
18578,1000
23003,1000
10212,1000
14588,1000
11337,1000
1384,1000
8359,1000
20695,1000
3967,1000
10460,1000
465,1000
28573,1000
27474,1000
12472,1000
12905,1000
15521,1000
21014,1000
4501,1000
17132,1000
671,1000
7209,1000
12596,1000
26014,1000
28377,1000
15768,1000
26071,1000
18832,1000
1875,1000
13520,1000
20336,1000
24258,1000
13035,1000
19357,1000
12484,1000
4594,1000
27971,1000
8448,1000
24005,1000
2482,1000
9535,1000
25653,1000
14733,1000
2584,1000
18955,1000
20082,1000
1616,1000
25795,1000
5928,1000
13158,1000
16274,1000
6637,1000
4615,1000
18078,1000
16000,1000
28103,1000
17841,1000
13651,1000
12035,1000
22176,1000
1289,1000
11235,1000
14582,1000
21319,1000
21399,1000
7569,1000
885,1000
2425,1000
26101,1000
2975,1000
1178,1000
19653,1000
106,1000
24575,1000
6164,1000
18365,1000
5748,1000
7268,1000
13963,1000
12537,1000
10164,1000
16912,1000
21036,1000
6445,1000
5828,1000
15450,1000
17204,1000
9498,1000
10930,1000
4672,1000
8909,1000
14887,1000
7947,1000
7519,1000
17219,1000
13763,1000
25480,1000
11816,1000
9362,1000
28425,1000
19504,1000
3578,1000
19824,1000
8305,1000
5869,1000
13566,1000
28269,1000
200,1000
19695,1000
15485,1000
5024,1000
24188,1000
15653,1000
6385,1000
21547,1000
16339,1000
16524,1000
24283,1000
22749,1000
27932,1000
15250,1000
19059,1000
7348,1000
4158,1000
3366,1000
20973,1000
6642,1000
26738,1000
7737,1000
9472,1000
5432,1000
5636,1000
2089,1000
30,1000
14253,1000
6961,1000
17444,1000
22846,1000
22590,1000
20043,1000
16710,1000
14009,1000
27484,1000
26542,1000
2879,1000
7864,1000
9384,1000
8951,1000
28011,1000
13540,1000
23684,1000
6647,1000
28585,1000
2366,1000
22106,1000
15382,1000
8863,1000
17377,1000
11988,1000
19086,1000
12208,1000
25805,1000
6728,1000
7830,1000
11601,1000
24302,1000
10792,1000
20121,1000
1754,1000
5676,1000
22471,1000
6118,1000
18267,1000
20101,1000
26159,1000
727,1000
24612,1000
25990,1000
12182,1000
26653,1000
6418,1000
13265,1000
28644,1000
20975,1000
22936,1000
13100,1000
4284,1000
19804,1000
12112,1000
12533,1000
26829,1000
14824,1000
1682,1000
2826,1000
13575,1000
22598,1000
22001,1000
18379,1000
20963,1000
24454,1000
7971,1000
24570,1000
4710,1000
26762,1000
26464,1000
22654,1000
27818,1000
11802,1000
19775,1000
653,1000
28650,1000
8952,1000
12080,1000
13962,1000
6119,1000
18703,1000
20842,1000
2296,1000
12056,1000
15610,1000
20184,1000
4093,1000
6296,1000
12517,1000
26792,1000
17155,1000
11519,1000
13512,1000
4106,1000
15693,1000
23764,1000
6471,1000
17859,1000
27704,1000
17313,1000
7855,1000
26613,1000
12081,1000
26128,1000
12028,1000
22174,1000
160,1000
24574,1000
26238,1000
3865,1000
7107,1000
14435,1000
26344,1000
8006,1000
26434,1000
10445,1000
2213,1000
19102,1000
21644,1000
21985,1000
20169,1000
6925,1000
21592,1000
5925,1000
24747,1000
20813,1000
13137,1000
601,1000
9528,1000
21492,1000
10149,1000
10238,1000
6744,1000
8111,1000
19713,1000
23653,1000
1086,1000
4887,1000
587,1000
5051,1000
3570,1000
28095,1000
4165,1000
5628,1000
22695,1000
9971,1000
7952,1000
26342,1000
1554,1000
19677,1000
2487,1000
8275,1000
25739,1000
16277,1000
13020,1000
1159,1000
18923,1000
15989,1000
11348,1000
5960,1000
9910,1000
15697,1000
4852,1000
13846,1000
24401,1000
20250,1000
15122,1000
27551,1000
45,1000
12193,1000
2337,1000
19806,1000
12565,1000
18674,1000
22556,1000
17453,1000
1,1000
6215,1000
5667,1000
25843,1000
4646,1000
11575,1000
17312,1000
14748,1000
3852,1000
19607,1000
22978,1000
22214,1000
16038,1000
12893,1000
3562,1000
28512,1000
24508,1000
3080,1000
1419,1000
26436,1000
23005,1000
18932,1000
4700,1000
17406,1000
8544,1000
7618,1000
8043,1000
21942,1000
22028,1000
6722,1000
19321,1000
9953,1000
23257,1000
24916,1000
19685,1000
12420,1000
10573,1000
13930,1000
7559,1000
13337,1000
6287,1000
28679,1000
9859,1000
4782,1000
19928,1000
24895,1000
23297,1000
21747,1000
9354,1000
14427,1000
18670,1000
15151,1000
22460,1000
17498,1000
17337,1000
743,1000
14668,1000
27349,1000
1920,1000
13301,1000
6226,1000
26438,1000
28202,1000
22199,1000
10690,1000
26164,1000
26408,1000
5769,1000
4216,1000
3306,1000
882,1000
27623,1000
19375,1000
15093,1000
455,1000
4669,1000
18338,1000
8946,1000
3989,1000
4354,1000
27313,1000
5951,1000
21960,1000
10268,1000
14841,1000
16407,1000
1521,1000
3250,1000
14297,1000
5625,1000
21312,1000
7493,1000
21912,1000
15271,1000
23385,1000
23470,1000
1722,1000
4738,1000
26643,1000
7662,1000
22949,1000
574,1000
27092,1000
1763,1000
5699,1000
11176,1000
25002,1000
13620,1000
18830,1000
16452,1000
27812,1000
16631,1000
13010,1000
19108,1000
10633,1000
27976,1000
14724,1000
20993,1000
617,1000
27435,1000
18708,1000
20445,1000
8148,1000
26165,1000
22633,1000
25643,1000
18198,1000
9571,1000
11185,1000
10842,1000
2072,1000
18965,1000
27188,1000
1250,1000
24645,1000
28339,1000
15972,1000
18523,1000
14163,1000
2233,1000
1099,1000
7041,1000
15912,1000
27961,1000
11508,1000
4140,1000
10694,1000
8351,1000
15756,1000
2868,1000
4716,1000
24462,1000
14719,1000
2154,1000
12974,1000
5324,1000
3861,1000
5642,1000
18740,1000
6542,1000
843,1000
736,1000
17042,1000
11083,1000
7996,1000
22439,1000
23156,1000
19363,1000
8676,1000
21972,1000
11645,1000
9399,1000
20322,1000
19888,1000
18057,1000
15584,1000
12413,1000
6423,1000
10095,1000
3696,1000
20625,1000
10497,1000
6705,1000
6081,1000
10818,1000
21543,1000
7359,1000
28260,1000
19012,1000
12928,1000
18144,1000
23364,1000
22401,1000
17413,1000
8124,1000
8063,1000
28136,1000
3284,1000
9439,1000
13260,1000
1773,1000
8413,1000
3309,1000
27065,1000
18134,1000
273,1000
2362,1000
22257,1000
2476,1000
20582,1000
20064,1000
8377,1000
5338,1000
17336,1000
21778,1000
6484,1000
12330,1000
20716,1000
12968,1000
11206,1000
8250,1000
26871,1000
27563,1000
9304,1000
21236,1000
11264,1000
27542,1000
4764,1000
4739,1000
947,1000
4915,1000
19393,1000
27069,1000
16688,1000
10685,1000
18801,1000
12724,1000
22605,1000
27569,1000
14267,1000
9425,1000
15666,1000
18428,1000
28810,1000
12418,1000
4905,1000
9825,1000
11915,1000
1263,1000
8350,1000
16025,1000
14438,1000
1141,1000
10490,1000
19006,1000
781,1000
21627,1000
25577,1000
27826,1000
5008,1000
19590,1000
16745,1000
21490,1000
15397,1000
22555,1000
12579,1000
26555,1000
4747,1000
9997,1000
12264,1000
23633,1000
11571,1000
1040,1000
6214,1000
5333,1000
25924,1000
12147,1000
8246,1000
19067,1000
22656,1000
24949,1000
14944,1000
5680,1000
23927,1000
1887,1000
7305,1000
9200,1000
991,1000
1349,1000
22116,1000
27745,1000
17319,1000
19963,1000
5364,1000
19900,1000
21401,1000
1600,1000
27011,1000
24455,1000
3697,1000
12364,1000
28741,1000
7673,1000
24494,1000
9542,1000
25719,1000
27067,1000
12336,1000
19286,1000
1591,1000
14645,1000
23507,1000
9652,1000
5901,1000
2943,1000
26100,1000
13240,1000
24238,1000
22122,1000
15280,1000
21366,1000
19178,1000
25775,1000
7026,1000
21181,1000
14829,1000
9393,1000
10029,1000
5143,1000
25952,1000
20214,1000
23142,1000
10551,1000
12962,1000
19746,1000
19054,1000
3913,1000
4001,1000
14523,1000
26394,1000
23665,1000
515,1000
2472,1000
20931,1000
24731,1000
12785,1000
18598,1000
22508,1000
15946,1000
2173,1000
24175,1000
25410,1000
26814,1000
14791,1000
20870,1000
26247,1000
24229,1000
19463,1000
15120,1000
1676,1000
16439,1000
20186,1000
28254,1000
9948,1000
25600,1000
22451,1000
15574,1000
27177,1000
23067,1000
13030,1000
10782,1000
26969,1000
27727,1000
25615,1000
15175,1000
10174,1000
5328,1000
15994,1000
23638,1000
24835,1000
5716,1000
3698,1000
6293,1000
19873,1000
14868,1000
26635,1000
4853,1000
18947,1000
23739,1000
5430,1000
23731,1000
23850,1000
18596,1000
11946,1000
27524,1000
1968,1000
15148,1000
8183,1000
12362,1000
5409,1000
12428,1000
18072,1000
949,1000
8445,1000
11963,1000
22239,1000
21793,1000
6597,1000
10533,1000
8432,1000
18056,1000
2238,1000
17959,1000
14407,1000
26540,1000
23514,1000
28195,1000
12865,1000
24484,1000
8239,1000
6792,1000
9572,1000
2841,1000
18986,1000
5416,1000
2155,1000
23331,1000
24042,1000
4941,1000
23277,1000
8756,1000
23770,1000
10474,1000
9955,1000
11457,1000
21124,1000
14932,1000
26529,1000
24987,1000
24388,1000
18103,1000
8119,1000
2471,1000
23192,1000
5241,1000
25941,1000
14176,1000
27090,1000
19117,1000
4484,1000
21682,1000
8820,1000
8040,1000
22317,1000
20173,1000
17524,1000
7874,1000
23153,1000
11975,1000
26359,1000
1109,1000
6191,1000
9970,1000
7981,1000
10393,1000
7361,1000
3122,1000
14576,1000
20985,1000
9155,1000
13968,1000
16435,1000
72,1000
13389,1000
12250,1000
18975,1000
10247,1000
19091,1000
13417,1000
2914,1000
2001,1000
24727,1000
13013,1000
22472,1000
5440,1000
13485,1000
18526,1000
27986,1000
23245,1000
3200,1000
21994,1000
6803,1000
26205,1000
12113,1000
20733,1000
9276,1000
12376,1000
11184,1000
24838,1000
10206,1000
16099,1000
14476,1000
22532,1000
13390,1000
28073,1000
11107,1000
10606,1000
7807,1000
20339,1000
17909,1000
22280,1000
11927,1000
26400,1000
26842,1000
4653,1000
28144,1000
1422,1000
21613,1000
827,1000
13787,1000
3343,1000
11828,1000
9257,1000
28081,1000
26547,1000
26133,1000
24127,1000
263,1000
25763,1000
10210,1000
15413,1000
18956,1000
7432,1000
28228,1000
11638,1000
9350,1000
10603,1000
1702,1000
14815,1000
769,1000
2099,1000
25528,1000
27394,1000
25593,1000
11150,1000
11217,1000
3039,1000
17915,1000
16664,1000
24937,1000
5065,1000
8496,1000
16842,1000
8884,1000
21606,1000
21067,1000
10470,1000
2105,1000
20863,1000
927,1000
13521,1000
3642,1000
3085,1000
14737,1000
19662,1000
14254,1000
17466,1000
2015,1000
20204,1000
27927,1000
4156,1000
17797,1000
3634,1000
11502,1000
3041,1000
17104,1000
10386,1000
26427,1000
235,1000
22652,1000
21379,1000
19308,1000
6255,1000
25275,1000
12620,1000
5785,1000
10634,1000
25048,1000
4289,1000
20806,1000
18766,1000
15274,1000
5839,1000
26500,1000
18871,1000
28719,1000
9201,1000
21733,1000
19079,1000
19821,1000
11815,1000
10161,1000
9526,1000
9705,1000
8888,1000
17982,1000
5407,1000
16073,1000
5634,1000
24861,1000
15593,1000
23442,1000
13999,1000
20920,1000
5198,1000
16881,1000
9337,1000
22577,1000
7227,1000
22796,1000
18407,1000
25017,1000
5248,1000
18888,1000
14471,1000
22523,1000
20502,1000
16725,1000
24930,1000
5738,1000
12027,1000
23866,1000
26362,1000
5255,1000
7502,1000
21812,1000
21011,1000
11692,1000
12726,1000
24405,1000
1908,1000
5794,1000
27854,1000
27531,1000
5031,1000
20217,1000
16504,1000
8548,1000
19903,1000
12306,1000
8107,1000
24032,1000
20809,1000
23924,1000
27910,1000
3003,1000
16328,1000
9956,1000
21315,1000
5948,1000
13333,1000
27566,1000
17378,1000
3742,1000
13202,1000
10944,1000
17166,1000
16013,1000
24876,1000
17861,1000
16594,1000
12044,1000
9072,1000
12653,1000
21228,1000
24946,1000
1121,1000
8511,1000
21346,1000
10452,1000
22826,1000
1471,1000
27339,1000
1029,1000
18244,1000
27138,1000
20607,1000
8057,1000
23647,1000
4809,1000
9103,1000
20916,1000
22,1000
3917,1000
12088,1000
13810,1000
9701,1000
24888,1000
16104,1000
27959,1000
23126,1000
152,1000
214,1000
6889,1000
7650,1000
8721,1000
2451,1000
24779,1000
25467,1000
18196,1000
11203,1000
9818,1000
28791,1000
17811,1000
12004,1000
1582,1000
7035,1000
13920,1000
21121,1000
15237,1000
24683,1000
25501,1000
3596,1000
26278,1000
26091,1000
25204,1000
20553,1000
12202,1000
133,1000
16607,1000
7951,1000
16902,1000
11934,1000
19796,1000
15339,1000
7510,1000
3078,1000
6154,1000
20148,1000
17065,1000
1688,1000
21714,1000
15425,1000
6057,1000
11229,1000
21844,1000
2083,1000
19469,1000
2873,1000
25679,1000
11719,1000
26031,1000
10954,1000
27492,1000
2363,1000
20433,1000
18401,1000
6403,1000
9920,1000
14404,1000
26698,1000
3130,1000
10693,1000
15361,1000
23361,1000
6749,1000
23745,1000
26997,1000
15511,1000
24007,1000
6000,1000
26661,1000
15275,1000
4403,1000
1271,1000
16812,1000
4507,1000
12697,1000
8561,1000
24520,1000
17838,1000
21521,1000
20395,1000
3070,1000
16237,1000
26561,1000
2261,1000
22334,1000
20265,1000
24820,1000
2209,1000
26329,1000
24038,1000
3878,1000
21605,1000
2460,1000
25009,1000
1105,1000
27359,1000
17662,1000
8585,1000
26845,1000
17761,1000
1291,1000
19310,1000
21760,1000
3614,1000
25662,1000
14707,1000
19543,1000
26250,1000
3100,1000
9934,1000
10567,1000
12179,1000
18089,1000
14511,1000
6495,1000
21099,1000
13573,1000
16304,1000
24098,1000
7332,1000
13995,1000
27340,1000
22907,1000
16357,1000
10649,1000
13798,1000
22242,1000
2823,1000
10183,1000
1174,1000
8138,1000
483,1000
20230,1000
16315,1000
17875,1000
19485,1000
28041,1000
11761,1000
16404,1000
16040,1000
20657,1000
22461,1000
9505,1000
17667,1000
2392,1000
4071,1000
24438,1000
26506,1000
2406,1000
12733,1000
18221,1000
1901,1000
12688,1000
18653,1000
25233,1000
13190,1000
1187,1000
23722,1000
20032,1000
18052,1000
26345,1000
6586,1000
17980,1000
11783,1000
9190,1000
21765,1000
16713,1000
22270,1000
20555,1000
5100,1000
22513,1000
18784,1000
5552,1000
2346,1000
5161,1000
7870,1000
15902,1000
1064,1000
19388,1000
20517,1000
19138,1000
27342,1000
5055,1000
9941,1000
27969,1000
20373,1000
2119,1000
2678,1000
17643,1000
27077,1000
6268,1000
27223,1000
9165,1000
9258,1000
9733,1000
18310,1000
5117,1000
28329,1000
11342,1000
9391,1000
10825,1000
25906,1000
18512,1000
5777,1000
13290,1000
15197,1000
9636,1000
28163,1000
16228,1000
19629,1000
12411,1000
26018,1000
11781,1000
16479,1000
26620,1000
24117,1000
6639,1000
13281,1000
1511,1000
11881,1000
25257,1000
12282,1000
7089,1000
19613,1000
541,1000
2910,1000
12827,1000
11172,1000
4267,1000
360,1000
12513,1000
17252,1000
23666,1000
10284,1000
3207,1000
28563,1000
18081,1000
20391,1000
24862,1000
9294,1000
7536,1000
7579,1000
22126,1000
13857,1000
21835,1000
7707,1000
19231,1000
6179,1000
14812,1000
19561,1000
6558,1000
13784,1000
6590,1000
12040,1000
14152,1000
20946,1000
17364,1000
25400,1000
21342,1000
22737,1000
6366,1000
25374,1000
6340,1000
17323,1000
28100,1000
872,1000
14458,1000
27689,1000
23928,1000
24706,1000
19817,1000
13351,1000
4396,1000
25566,1000
11770,1000
4897,1000
18140,1000
17389,1000
15484,1000
11718,1000
3161,1000
25358,1000
9202,1000
14665,1000
22529,1000
22418,1000
8193,1000
8902,1000
18728,1000
5723,1000
2117,1000
12204,1000
20411,1000
341,1000
27993,1000
12203,1000
10450,1000
2699,1000
14801,1000
23393,1000
5749,1000
12338,1000
12248,1000
26466,1000
8141,1000
17002,1000
25594,1000
2624,1000
20181,1000
794,1000
9952,1000
16956,1000
18665,1000
6727,1000
4837,1000
19567,1000
239,1000
16008,1000
4224,1000
4016,1000
23762,1000
1032,1000
13223,1000
7073,1000
26769,1000
10371,1000
14270,1000
15822,1000
10084,1000
18732,1000
8362,1000
20233,1000
17608,1000
481,1000
5239,1000
21584,1000
26641,1000
22098,1000
10236,1000
12344,1000
23903,1000
24936,1000
8378,1000
6410,1000
9546,1000
14757,1000
24343,1000
5533,1000
25457,1000
13519,1000
3109,1000
28089,1000
16198,1000
4513,1000
20419,1000
4591,1000
2281,1000
22351,1000
7778,1000
729,1000
9654,1000
9602,1000
25453,1000
13343,1000
20888,1000
27439,1000
347,1000
10953,1000
27519,1000
27652,1000
21705,1000
9852,1000
25485,1000
28552,1000
4350,1000
22179,1000
19707,1000
13880,1000
23585,1000
3291,1000
27878,1000
25368,1000
3066,1000
11149,1000
22091,1000
24184,1000
20723,1000
15399,1000
8983,1000
965,1000
17430,1000
25242,1000
19329,1000
17799,1000
22646,1000
13991,1000
5135,1000
7117,1000
16101,1000
2193,1000
2378,1000
17210,1000
28194,1000
10893,1000
2390,1000
3289,1000
392,1000
27775,1000
22886,1000
8036,1000
3220,1000
27765,1000
26113,1000
8642,1000
6082,1000
10566,1000
14381,1000
19230,1000
21577,1000
21020,1000
9612,1000
21125,1000
1157,1000
23523,1000
19170,1000
3156,1000
15726,1000
19216,1000
13432,1000
20780,1000
12830,1000
9805,1000
24649,1000
22700,1000
4241,1000
22181,1000
14092,1000
21902,1000
11411,1000
16778,1000
19277,1000
4364,1000
6651,1000
4571,1000
2986,1000
8517,1000
16166,1000
5318,1000
16262,1000
17882,1000
25541,1000
19206,1000
27249,1000
16139,1000
3858,1000
16365,1000
65,1000
24512,1000
4832,1000
21715,1000
21540,1000
10896,1000
10913,1000
25498,1000
19317,1000
913,1000
3493,1000
15783,1000
24904,1000
10916,1000
22448,1000
17488,1000
964,1000
9495,1000
26385,1000
21635,1000
13449,1000
21787,1000
17114,1000
1935,1000
2421,1000
6223,1000
8656,1000
14662,1000
20739,1000
9922,1000
2599,1000
20285,1000
2093,1000
17203,1000
10346,1000
5538,1000
16334,1000
25150,1000
4522,1000
26191,1000
4074,1000
11683,1000
17098,1000
3623,1000
26292,1000
16919,1000
1354,1000
28389,1000
12716,1000
832,1000
2695,1000
14553,1000
4918,1000
12314,1000
1891,1000
2324,1000
18696,1000
14545,1000
1643,1000
19306,1000
12158,1000
23174,1000
14579,1000
27428,1000
189,1000
9908,1000
4258,1000
1749,1000
13908,1000
16205,1000
17123,1000
2619,1000
26203,1000
28501,1000
11820,1000
3228,1000
21593,1000
8125,1000
28191,1000
816,1000
11270,1000
25138,1000
27151,1000
22852,1000
18587,1000
10384,1000
14356,1000
14609,1000
21316,1000
26271,1000
23695,1000
11404,1000
4847,1000
25119,1000
24839,1000
24765,1000
2803,1000
11011,1000
7573,1000
8644,1000
24702,1000
16036,1000
5358,1000
22716,1000
25764,1000
9666,1000
18329,1000
13091,1000
18617,1000
17772,1000
22373,1000
11964,1000
1857,1000
26823,1000
24282,1000
2395,1000
665,1000
23993,1000
17750,1000
1304,1000
20072,1000
14759,1000
8552,1000
5624,1000
20622,1000
25184,1000
23779,1000
19342,1000
9551,1000
15503,1000
17189,1000
22026,1000
6689,1000
20729,1000
6614,1000
9090,1000
21633,1000
20787,1000
1449,1000
16226,1000
15872,1000
12742,1000
16746,1000
838,1000
2144,1000
1199,1000
27114,1000
18141,1000
26225,1000
5126,1000
11922,1000
15385,1000
5704,1000
4636,1000
17201,1000
18824,1000
25237,1000
15422,1000
7655,1000
27383,1000
13144,1000
12685,1000
3644,1000
9723,1000
17835,1000
14221,1000
16952,1000
16213,1000
11670,1000
4488,1000
21889,1000
13647,1000
14175,1000
21286,1000
490,1000
9199,1000
14070,1000
18090,1000
28048,1000
3229,1000
10968,1000
26652,1000
5109,1000
19612,1000
13154,1000
9892,1000
18266,1000
26638,1000
5810,1000
28114,1000
7021,1000
16415,1000
1115,1000
27399,1000
14068,1000
6106,1000
5825,1000
18584,1000
16571,1000
11991,1000
26303,1000
18667,1000
7291,1000
5607,1000
7374,1000
21040,1000
25862,1000
7520,1000
10491,1000
14208,1000
13028,1000
22441,1000
19518,1000
11829,1000
11477,1000
7389,1000
25223,1000
7810,1000
21464,1000
2343,1000
18142,1000
18542,1000
9820,1000
7890,1000
1098,1000
25484,1000
12806,1000
5448,1000
18930,1000
7219,1000
8922,1000
14930,1000
17513,1000
19967,1000
8422,1000
8157,1000
26696,1000
5072,1000
13863,1000
26649,1000
21118,1000
3868,1000
14155,1000
12174,1000
20801,1000
21255,1000
20036,1000
20137,1000
23001,1000
26136,1000
20843,1000
17746,1000
18730,1000
25171,1000
14781,1000
25152,1000
5429,1000
11222,1000
19838,1000
2883,1000
25355,1000
23374,1000
26186,1000
17360,1000
17205,1000
23644,1000
866,1000
3175,1000
20864,1000
13854,1000
23376,1000
27479,1000
11681,1000
5963,1000
26201,1000
18286,1000
13107,1000
3853,1000
25803,1000
27511,1000
15247,1000
3690,1000
27355,1000
18640,1000
22343,1000
5706,1000
17182,1000
9591,1000
3135,1000
23214,1000
1665,1000
17575,1000
6843,1000
27035,1000
8508,1000
8287,1000
20681,1000
22669,1000
13667,1000
19698,1000
23864,1000
17242,1000
7916,1000
102,1000
3781,1000
13866,1000
15945,1000
19758,1000
23451,1000
6710,1000
11459,1000
26265,1000
18664,1000
10031,1000
27915,1000
25091,1000
6284,1000
23017,1000
26917,1000
9366,1000
2920,1000
25975,1000
21331,1000
10066,1000
24103,1000
790,1000
24699,1000
11585,1000
26350,1000
1061,1000
7712,1000
22367,1000
1107,1000
19376,1000
15251,1000
20097,1000
26424,1000
15224,1000
17175,1000
28597,1000
14562,1000
10770,1000
11066,1000
8862,1000
19281,1000
19302,1000
12563,1000
12169,1000
16601,1000
23868,1000
15062,1000
283,1000
27653,1000
27198,1000
5216,1000
10208,1000
1661,1000
2877,1000
4470,1000
5119,1000
9407,1000
11121,1000
908,1000
20630,1000
10899,1000
17898,1000
586,1000
18799,1000
25620,1000
3110,1000
18629,1000
21229,1000
22564,1000
20240,1000
24966,1000
6059,1000
22596,1000
6282,1000
12623,1000
8130,1000
1813,1000
18282,1000
4567,1000
1944,1000
20095,1000
12091,1000
18058,1000
19150,1000
12791,1000
19051,1000
27953,1000
8606,1000
24252,1000
628,1000
20026,1000
8856,1000
20085,1000
24772,1000
27525,1000
24200,1000
25919,1000
24300,1000
12329,1000
18645,1000
13644,1000
8674,1000
26077,1000
27975,1000
2011,1000
4885,1000
8494,1000
19390,1000
23998,1000
12359,1000
15571,1000
21995,1000
11434,1000
1556,1000
1295,1000
12624,1000
14504,1000
14939,1000
25447,1000
13548,1000
25037,1000
26821,1000
698,1000
26557,1000
6230,1000
8825,1000
7987,1000
25599,1000
21877,1000
4786,1000
7891,1000
26338,1000
22905,1000
21617,1000
28652,1000
4659,1000
25,1000
10057,1000
15094,1000
19694,1000
17901,1000
8146,1000
25335,1000
28370,1000
3375,1000
1850,1000
25201,1000
7181,1000
27515,1000
17559,1000
17350,1000
22837,1000
19191,1000
4946,1000
14266,1000
9146,1000
7062,1000
27093,1000
17654,1000
8835,1000
25417,1000
25712,1000
21620,1000
28121,1000
5802,1000
24010,1000
22177,1000
28764,1000
21502,1000
10336,1000
17483,1000
20066,1000
954,1000
26679,1000
6449,1000
5665,1000
25291,1000
21414,1000
18560,1000
11613,1000
17763,1000
23488,1000
6654,1000
13800,1000
21937,1000
13517,1000
19932,1000
22022,1000
27371,1000
23078,1000
6003,1000
21566,1000
12463,1000
2264,1000
7894,1000
25591,1000
25324,1000
3281,1000
1215,1000
13367,1000
8648,1000
2315,1000
26483,1000
18165,1000
6679,1000
24326,1000
15423,1000
25691,1000
28617,1000
20682,1000
22328,1000
18896,1000
3683,1000
28551,1000
4187,1000
27747,1000
1926,1000
5488,1000
6022,1000
23853,1000
12272,1000
11581,1000
13484,1000
17503,1000
6246,1000
24556,1000
9712,1000
26132,1000
16080,1000
24102,1000
11212,1000
15065,1000
6248,1000
19325,1000
5029,1000
9107,1000
5977,1000
28173,1000
15245,1000
28290,1000
1975,1000
25262,1000
22321,1000
9216,1000
25366,1000
23317,1000
24623,1000
28672,1000
10110,1000
6864,1000
10148,1000
25689,1000
6706,1000
8594,1000
21123,1000
15702,1000
9180,1000
9134,1000
8293,1000
18399,1000
14133,1000
5027,1000
1076,1000
12643,1000
25604,1000
17465,1000
19936,1000
2788,1000
5832,1000
19484,1000
26371,1000
16458,1000
323,1000
28553,1000
14049,1000
12776,1000
27174,1000
2682,1000
15925,1000
12236,1000
8609,1000
14412,1000
26405,1000
553,1000
14907,1000
22108,1000
4697,1000
13488,1000
25828,1000
10056,1000
16478,1000
6244,1000
15082,1000
15751,1000
27134,1000
11464,1000
26937,1000
3502,1000
15429,1000
27094,1000
20193,1000
293,1000
20745,1000
975,1000
3104,1000
13377,1000
10925,1000
4768,1000
19738,1000
14131,1000
2149,1000
13039,1000
26230,1000
5517,1000
1073,1000
4783,1000
20885,1000
10107,1000
16111,1000
22178,1000
28545,1000
1165,1000
20859,1000
26178,1000
4320,1000
28755,1000
22404,1000
27460,1000
27002,1000
1595,1000
18698,1000
11096,1000
18841,1000
25965,1000
15214,1000
3330,1000
8798,1000
21388,1000
25846,1000
11010,1000
18808,1000
4385,1000
13504,1000
19885,1000
10599,1000
6347,1000
7744,1000
27729,1000
28461,1000
11540,1000
3830,1000
8665,1000
8471,1000
14767,1000
2511,1000
13353,1000
16135,1000
21046,1000
5891,1000
23441,1000
8145,1000
18442,1000
953,1000
7784,1000
9687,1000
477,1000
26566,1000
1313,1000
2382,1000
21670,1000
13874,1000
5874,1000
13029,1000
11933,1000
3890,1000
1775,1000
8492,1000
10564,1000
20679,1000
11043,1000
25159,1000
22202,1000
9976,1000
19534,1000
23910,1000
22576,1000
12005,1000
20364,1000
11691,1000
25103,1000
1010,1000
5175,1000
1784,1000
27567,1000
22848,1000
14226,1000
9588,1000
2313,1000
11407,1000
22859,1000
2927,1000
7261,1000
13675,1000
7617,1000
14718,1000
26587,1000
21711,1000
20003,1000
24187,1000
16235,1000
17223,1000
1110,1000
23413,1000
7469,1000
19632,1000
23843,1000
22396,1000
11644,1000
26656,1000
1101,1000
6014,1000
11767,1000
19409,1000
21523,1000
28328,1000
9635,1000
10486,1000
12621,1000
5075,1000
11987,1000
26904,1000
15099,1000
11491,1000
20660,1000
14475,1000
54,1000
25978,1000
27143,1000
24821,1000
2257,1000
7943,1000
16738,1000
27040,1000
25770,1000
15455,1000
22241,1000
6501,1000
18822,1000
7113,1000
27814,1000
3674,1000
5899,1000
3153,1000
27724,1000
15709,1000
5996,1000
1974,1000
5302,1000
25133,1000
14958,1000
15213,1000
25946,1000
17603,1000
5910,1000
19243,1000
1491,1000
2674,1000
28105,1000
11037,1000
16287,1000
11370,1000
13738,1000
13106,1000
28154,1000
12534,1000
19142,1000
4686,1000
8531,1000
22928,1000
14247,1000
14581,1000
23918,1000
16930,1000
26668,1000
28689,1000
20769,1000
9419,1000
17700,1000
17939,1000
10357,1000
5612,1000
13778,1000
3448,1000
20998,1000
16017,1000
19029,1000
771,1000
14583,1000
24147,1000
14983,1000
12421,1000
2954,1000
2397,1000
12658,1000
28731,1000
26704,1000
18904,1000
28346,1000
11553,1000
1235,1000
11357,1000
8762,1000
13753,1000
25508,1000
10767,1000
25956,1000
17979,1000
28238,1000
27750,1000
20475,1000
10812,1000
7143,1000
13459,1000
14648,1000
11163,1000
11725,1000
369,1000
8301,1000
26404,1000
16932,1000
8854,1000
10791,1000
17293,1000
15372,1000
26222,1000
8081,1000
16012,1000
13194,1000
14586,1000
26719,1000
14758,1000
27392,1000
23483,1000
11804,1000
18556,1000
10547,1000
23849,1000
22333,1000
4410,1000
13751,1000
10462,1000
26519,1000
15759,1000
24528,1000
6906,1000
23749,1000
22414,1000
13379,1000
22953,1000
12936,1000
22067,1000
24243,1000
10439,1000
8998,1000
24597,1000
22660,1000
457,1000
28472,1000
28449,1000
20079,1000
21117,1000
17646,1000
17857,1000
22304,1000
16178,1000
4519,1000
25992,1000
986,1000
8230,1000
23746,1000
19782,1000
219,1000
6678,1000
2136,1000
15319,1000
27121,1000
27096,1000
28630,1000
7583,1000
26681,1000
26857,1000
19153,1000
5752,1000
23160,1000
4715,1000
14701,1000
3893,1000
13117,1000
18408,1000
4161,1000
438,1000
12971,1000
14613,1000
16240,1000
25193,1000
7124,1000
18231,1000
16506,1000
1628,1000
2783,1000
2355,1000
13341,1000
21572,1000
26351,1000
13943,1000
18755,1000
15427,1000
21506,1000
18991,1000
5976,1000
28514,1000
5270,1000
4130,1000
4695,1000
24276,1000
2380,1000
17424,1000
20777,1000
26364,1000
20124,1000
27759,1000
16574,1000
26905,1000
22666,1000
27832,1000
18922,1000
19460,1000
1808,1000
10032,1000
3636,1000
5576,1000
14148,1000
6619,1000
25319,1000
25504,1000
355,1000
3995,1000
17187,1000
12834,1000
26146,1000
10775,1000
22745,1000
13976,1000
15286,1000
12738,1000
20827,1000
18548,1000
16848,1000
2433,1000
12561,1000
9083,1000
24055,1000
11071,1000
27283,1000
25698,1000
1070,1000
21981,1000
24106,1000
6103,1000
18261,1000
2189,1000
28664,1000
12810,1000
25463,1000
25096,1000
5401,1000
14846,1000
24681,1000
27667,1000
8395,1000
2809,1000
21731,1000
2831,1000
3812,1000
7237,1000
5050,1000
27208,1000
26024,1000
11728,1000
12047,1000
25971,1000
22107,1000
7314,1000
28474,1000
23531,1000
26763,1000
26634,1000
9811,1000
25301,1000
25086,1000
28208,1000
1282,1000
23002,1000
14212,1000
21756,1000
18636,1000
12065,1000
22641,1000
11541,1000
22918,1000
5944,1000
18013,1000
20774,1000
15441,1000
2928,1000
17474,1000
6923,1000
16324,1000
24576,1000
24027,1000
25863,1000
13147,1000
15567,1000
23995,1000
7192,1000
3582,1000
10283,1000
13588,1000
6285,1000
17301,1000
7002,1000
25199,1000
27790,1000
18394,1000
18260,1000
22323,1000
16206,1000
2728,1000
1587,1000
14782,1000
9372,1000
26301,1000
23193,1000
8216,1000
8052,1000
5141,1000
950,1000
19457,1000
5531,1000
1425,1000
24441,1000
19691,1000
3056,1000
22236,1000
9249,1000
27540,1000
15613,1000
611,1000
1632,1000
28786,1000
495,1000
6913,1000
13933,1000
15249,1000
24164,1000
24225,1000
707,1000
809,1000
11779,1000
17660,1000
1530,1000
16933,1000
26374,1000
27291,1000
26307,1000
11723,1000
24674,1000
12445,1000
26142,1000
28094,1000
16641,1000
26233,1000
17161,1000
20384,1000
21317,1000
11485,1000
24580,1000
10128,1000
11821,1000
16043,1000
21849,1000
14214,1000
3694,1000
26004,1000
3988,1000
14209,1000
21712,1000
14188,1000
2485,1000
20714,1000
18752,1000
28304,1000
23400,1000
28388,1000
12063,1000
18848,1000
17528,1000
1284,1000
17965,1000
23202,1000
13783,1000
21749,1000
14062,1000
19066,1000
13019,1000
4356,1000
9559,1000
7758,1000
2625,1000
15368,1000
9125,1000
9897,1000
13452,1000
14252,1000
20536,1000
17418,1000
24435,1000
12646,1000
17256,1000
18710,1000
20633,1000
19805,1000
27921,1000
11480,1000
20525,1000
9497,1000
15129,1000
10192,1000
21191,1000
7347,1000
28713,1000
22804,1000
27413,1000
22632,1000
9264,1000
28002,1000
5426,1000
5714,1000
20031,1000
26712,1000
14483,1000
19374,1000
12171,1000
22023,1000
23176,1000
25391,1000
10926,1000
13861,1000
18179,1000
16455,1000
24017,1000
2021,1000
2410,1000
22601,1000
17137,1000
14544,1000
16199,1000
12599,1000
22984,1000
27497,1000
21218,1000
14607,1000
9581,1000
24354,1000
19682,1000
13921,1000
18457,1000
26959,1000
11736,1000
16914,1000
24844,1000
17423,1000
8931,1000
18488,1000
15777,1000
9453,1000
11080,1000
9540,1000
2849,1000
3545,1000
26747,1000
25080,1000
9678,1000
5157,1000
19917,1000
1137,1000
15241,1000
12424,1000
19439,1000
26291,1000
15821,1000
4652,1000
12356,1000
4820,1000
7552,1000
19229,1000
3736,1000
11574,1000
24315,1000
7474,1000
21999,1000
27179,1000
13771,1000
28544,1000
11020,1000
8474,1000
7995,1000
10073,1000
13397,1000
13720,1000
25961,1000
8106,1000
13416,1000
19703,1000
23330,1000
11088,1000
22050,1000
11097,1000
23423,1000
3643,1000
25433,1000
18608,1000
3315,1000
1030,1000
20596,1000
19480,1000
15156,1000
28115,1000
3235,1000
15217,1000
17708,1000
6899,1000
7191,1000
21959,1000
4857,1000
5390,1000
12519,1000
4065,1000
3048,1000
24482,1000
26880,1000
14276,1000
19004,1000
8464,1000
9834,1000
4476,1000
13124,1000
7356,1000
22208,1000
17952,1000
9344,1000
8424,1000
627,1000
1569,1000
6815,1000
3811,1000
27367,1000
14457,1000
14080,1000
14437,1000
3218,1000
20237,1000
13439,1000
6001,1000
18567,1000
25385,1000
13610,1000
17636,1000
27182,1000
6780,1000
14398,1000
26064,1000
25077,1000
17798,1000
19449,1000
753,1000
4392,1000
19126,1000
18843,1000
15401,1000
25486,1000
4727,1000
15625,1000
6766,1000
12003,1000
26879,1000
14183,1000
27911,1000
15700,1000
2982,1000
12933,1000
10846,1000
24172,1000
14611,1000
21998,1000
16020,1000
23437,1000
22951,1000
27160,1000
19486,1000
22884,1000
3325,1000
7847,1000
2688,1000
19007,1000
654,1000
3774,1000
20135,1000
13193,1000
21878,1000
3682,1000
23897,1000
7771,1000
8031,1000
12871,1000
11864,1000
28375,1000
9477,1000
8332,1000
18754,1000
1100,1000
22661,1000
16320,1000
13832,1000
10848,1000
4588,1000
23014,1000
17539,1000
23329,1000
10868,1000
27822,1000
20248,1000
27787,1000
21299,1000
12283,1000
21153,1000
5254,1000
8767,1000
24321,1000
15055,1000
10569,1000
27106,1000
19133,1000
19093,1000
28036,1000
5641,1000
15430,1000
26343,1000
20092,1000
27204,1000
5683,1000
21385,1000
15919,1000
24097,1000
28601,1000
2252,1000
5002,1000
8156,1000
10517,1000
15384,1000
406,1000
27052,1000
14355,1000
2146,1000
12101,1000
28168,1000
14116,1000
23006,1000
26219,1000
3768,1000
24598,1000
11048,1000
19404,1000
24551,1000
23309,1000
4724,1000
14804,1000
28781,1000
6138,1000
15926,1000
27016,1000
13253,1000
4451,1000
19014,1000
4610,1000
24360,1000
11518,1000
25105,1000
11890,1000
17057,1000
22130,1000
15881,1000
28458,1000
644,1000
24962,1000
11943,1000
12774,1000
24593,1000
3409,1000
2638,1000
10956,1000
12570,1000
16106,1000
9353,1000
24555,1000
7108,1000
8524,1000
5121,1000
24616,1000
5875,1000
16022,1000
8695,1000
17027,1000
10083,1000
27385,1000
18024,1000
3997,1000
27859,1000
14100,1000
2389,1000
12840,1000
3532,1000
6130,1000
5774,1000
21701,1000
22843,1000
13929,1000
14123,1000
19986,1000
6534,1000
6043,1000
10165,1000
14336,1000
6525,1000
10468,1000
22268,1000
28017,1000
28241,1000
1543,1000
836,1000
13468,1000
15303,1000
10503,1000
10476,1000
21965,1000
12802,1000
11182,1000
8450,1000
3734,1000
8308,1000
24867,1000
16899,1000
19041,1000
4635,1000
10745,1000
21134,1000
26226,1000
3023,1000
17006,1000
4222,1000
10172,1000
27260,1000
26930,1000
16456,1000
8645,1000
18773,1000
2512,1000
17822,1000
8406,1000
425,1000
13883,1000
14217,1000
9957,1000
2459,1000
56,1000
7867,1000
18280,1000
10817,1000
2386,1000
28308,1000
18366,1000
13911,1000
1916,1000
5633,1000
25175,1000
16306,1000
23232,1000
17889,1000
1298,1000
9197,1000
7955,1000
13066,1000
19129,1000
4791,1000
16967,1000
16380,1000
1208,1000
11817,1000
9710,1000
28788,1000
13905,1000
21260,1000
19555,1000
6192,1000
27202,1000
19720,1000
12211,1000
15037,1000
27335,1000
23168,1000
11030,1000
26836,1000
12986,1000
23219,1000
632,1000
680,1000
13790,1000
5623,1000
1233,1000
15281,1000
11661,1000
8621,1000
17493,1000
10085,1000
26065,1000
28606,1000
4008,1000
12853,1000
27797,1000
8170,1000
1669,1000
22731,1000
9999,1000
966,1000
3064,1000
1861,1000
9937,1000
13446,1000
17391,1000
2921,1000
15506,1000
16969,1000
25887,1000
22017,1000
9031,1000
11062,1000
1512,1000
7896,1000
19211,1000
9183,1000
17692,1000
23657,1000
1612,1000
27091,1000
14181,1000
8348,1000
9842,1000
14149,1000
1598,1000
24108,1000
13473,1000
15265,1000
23007,1000
16910,1000
2668,1000
6187,1000
11984,1000
11772,1000
15648,1000
20454,1000
19251,1000
10421,1000
10907,1000
13746,1000
26528,1000
6591,1000
15142,1000
28704,1000
1160,1000
20338,1000
5970,1000
10565,1000
855,1000
3986,1000
27565,1000
11393,1000
23170,1000
8001,1000
5936,1000
3539,1000
5139,1000
7960,1000
3356,1000
13979,1000
17101,1000
6554,1000
8035,1000
6163,1000
17007,1000
8456,1000
23822,1000
26657,1000
20241,1000
26993,1000
28153,1000
14680,1000
2609,1000
7938,1000
17842,1000
10684,1000
8024,1000
27454,1000
3194,1000
26976,1000
4787,1000
25468,1000
27191,1000
1611,1000
2998,1000
4649,1000
10442,1000
22289,1000
26897,1000
7249,1000
11924,1000
10662,1000
22876,1000
19565,1000
19729,1000
19625,1000
13919,1000
22251,1000
12711,1000
4429,1000
13270,1000
4190,1000
11059,1000
8803,1000
19991,1000
13268,1000
17942,1000
20159,1000
11178,1000
20518,1000
26636,1000
12319,1000
7644,1000
9749,1000
27051,1000
28440,1000
4486,1000
17783,1000
24293,1000
12224,1000
4249,1000
7988,1000
15643,1000
24725,1000
4288,1000
2843,1000
7619,1000
23093,1000
532,1000
11129,1000
18158,1000
9769,1000
6997,1000
24218,1000
23876,1000
9045,1000
25239,1000
27488,1000
9464,1000
19961,1000
13002,1000
1023,1000
26435,1000
765,1000
17735,1000
19369,1000
9130,1000
23588,1000
22530,1000
10465,1000
4788,1000
15459,1000
12058,1000
28646,1000
10168,1000
26066,1000
7608,1000
3892,1000
10728,1000
25003,1000
15669,1000
2118,1000
18538,1000
25948,1000
13062,1000
2058,1000
10501,1000
17324,1000
25618,1000
13701,1000
22191,1000
16160,1000
6648,1000
23019,1000
9675,1000
22230,1000
1817,1000
5926,1000
16514,1000
19064,1000
21165,1000
17611,1000
28239,1000
21800,1000
21203,1000
1255,1000
15667,1000
16846,1000
21198,1000
14466,1000
4257,1000
27364,1000
1045,1000
11408,1000
8454,1000
23070,1000
16617,1000
21355,1000
21508,1000
4126,1000
17334,1000
1033,1000
9736,1000
12618,1000
25367,1000
21791,1000
25565,1000
10815,1000
27181,1000
5833,1000
3881,1000
16501,1000
19583,1000
1026,1000
22862,1000
6205,1000
22012,1000
8844,1000
20005,1000
26154,1000
12437,1000
21086,1000
14243,1000
13563,1000
21847,1000
15887,1000
6020,1000
11428,1000
16279,1000
19875,1000
673,1000
21302,1000
17363,1000
7098,1000
26912,1000
10903,1000
12737,1000
19624,1000
9706,1000
15492,1000
5940,1000
4269,1000
5978,1000
1924,1000
21728,1000
25083,1000
20188,1000
17553,1000
21340,1000
14870,1000
8116,1000
18851,1000
17063,1000
944,1000
8796,1000
18441,1000
7624,1000
12451,1000
15193,1000
1648,1000
1163,1000
4656,1000
17717,1000
26365,1000
2792,1000
7740,1000
20548,1000
26105,1000
19668,1000
27935,1000
4017,1000
5804,1000
9881,1000
19531,1000
6954,1000
11056,1000
18845,1000
24744,1000
20902,1000
16950,1000
7844,1000
3902,1000
8781,1000
8028,1000
2588,1000
18174,1000
757,1000
21457,1000
9420,1000
19280,1000
18184,1000
14766,1000
17585,1000
19418,1000
